51456978,2024-03-15 01:38:21,0
51466978,2024-03-15 06:33:18,0
51476978,2024-03-15 11:35:43,0
51486978,2024-03-15 16:29:13,0
51496978,2024-03-15 21:30:45,0
51506978,2024-03-16 02:22:21,0
51516978,2024-03-16 07:06:46,0
51526978,2024-03-16 11:50:38,0
51536978,2024-03-16 16:37:43,0
51546978,2024-03-16 21:25:02,0
51556978,2024-03-17 02:11:38,0
51566978,2024-03-17 06:57:20,0
51576978,2024-03-17 11:50:14,0
51586978,2024-03-17 16:41:33,0
51596978,2024-03-17 21:29:04,0
51606978,2024-03-18 02:15:59,0
51616978,2024-03-18 07:01:41,0
51626978,2024-03-18 11:49:12,0
51636978,2024-03-18 16:37:50,0
51646978,2024-03-18 21:24:25,0
51656978,2024-03-19 02:12:31,0
51666978,2024-03-19 06:58:19,0
51676978,2024-03-19 11:44:12,0
51686978,2024-03-19 16:30:52,0
51696978,2024-03-19 21:15:25,0
51706978,2024-03-20 02:00:28,0
51716978,2024-03-20 06:46:22,0
51726978,2024-03-20 11:32:56,0
51736978,2024-03-20 16:19:33,0
51746978,2024-03-20 21:04:40,0
51756978,2024-03-21 01:51:20,0
51766978,2024-03-21 06:35:16,0
51776978,2024-03-21 11:23:40,0
51786978,2024-03-21 16:10:45,0
51796978,2024-03-21 20:55:12,158604554521834544
51806978,2024-03-22 01:38:57,1092522375543509065
51816978,2024-03-22 06:24:17,4324736003417221730
51826978,2024-03-22 11:11:31,29877983786090853476
51836978,2024-03-22 15:56:59,31912777512424296192
51846978,2024-03-22 20:42:01,38610397813007182064
51856978,2024-03-23 01:27:17,38610473082295548980
51866978,2024-03-23 06:13:11,47209197258548621076
51876978,2024-03-23 11:07:02,56349483193459719603
51886978,2024-03-23 15:52:05,57166019500722016560
51896978,2024-03-23 20:36:47,68231353552091066137
51906978,2024-03-24 01:20:20,85841004245547068566
51916978,2024-03-24 06:04:26,85841004245547068566
51926978,2024-03-24 10:49:02,91838460384742303630
51936978,2024-03-24 15:32:49,91838460384742303630
51946978,2024-03-24 20:17:50,101841590990181808280
51956978,2024-03-25 01:03:08,108775429969927291288
51966978,2024-03-25 05:46:08,109321644888743550421
51976978,2024-03-25 10:29:19,110290179723765272667
51986978,2024-03-25 15:14:43,110567068992244818640
51996978,2024-03-25 19:59:48,117381186570047171677
52006978,2024-03-26 00:45:20,117381186570047171677
52016978,2024-03-26 05:29:26,120119912981713641598
52026978,2024-03-26 10:15:05,120120500771816731385
52036978,2024-03-26 15:01:19,142553239628243353029
52046978,2024-03-26 19:47:39,158482084262535717718
52056978,2024-03-27 00:36:34,159554943680280870359
52066978,2024-03-27 05:20:09,162327768412533272420
52076978,2024-03-27 10:07:34,202681574809972031595
52086978,2024-03-27 14:54:25,206771379300439563685
52096978,2024-03-27 19:40:54,222574337779400417202
52106978,2024-03-28 00:27:35,222574337779400417202
52116978,2024-03-28 05:12:14,222574337779400417202
52126978,2024-03-28 09:54:34,232949876662107492838
52136978,2024-03-28 14:38:22,233504695865195663536
52146978,2024-03-28 19:22:31,233504695865195663536
52156978,2024-03-29 00:05:16,238120391327896746002
52166978,2024-03-29 04:49:30,238120933039767133911
52176978,2024-03-29 09:32:19,238120933039767133911
52186978,2024-03-29 14:15:17,297381668030731560468
52196978,2024-03-29 19:01:05,319019672192915373023
52206978,2024-03-29 23:44:13,319637110279608184458
52216978,2024-03-30 04:27:57,319637110279608184458
52226978,2024-03-30 09:12:22,319637110279608184458
52236978,2024-03-30 13:56:33,327665836566905677416
52246978,2024-03-30 18:40:00,335436078166665164064
52256978,2024-03-30 23:23:19,335436078166665164064
52266978,2024-03-31 04:09:31,336322529136761469160
52276978,2024-03-31 09:01:31,336322529136761469160
52286978,2024-03-31 13:54:07,337086007310567702142
52296978,2024-03-31 18:41:34,377013602046361910947
52306978,2024-03-31 23:28:56,384940846078796021626
52316978,2024-04-01 04:15:16,393013721281283514334
52326978,2024-04-01 09:00:28,397714593192545848504
52336978,2024-04-01 13:47:03,421998734435892354170
52346978,2024-04-01 18:39:58,422060955414650677816
52356978,2024-04-01 23:28:31,431808138866581883953
52366978,2024-04-02 04:16:02,431817988803442148278
52376978,2024-04-02 09:02:09,431817988803442148278
52386978,2024-04-02 13:47:56,431971209105144779042
52396978,2024-04-02 18:36:17,445041350848862046546
52406978,2024-04-02 23:26:08,445041350848862046546
52416978,2024-04-03 04:11:32,454353722716015527523
52426978,2024-04-03 08:58:15,454353722716015527523
52436978,2024-04-03 13:47:40,454353722716015527523
52446978,2024-04-03 18:34:46,454353722716015527523
52456978,2024-04-03 23:20:59,457205631090743836862
52466978,2024-04-04 04:08:47,482475667982583791896
52476978,2024-04-04 08:56:48,502186916504554494779
52486978,2024-04-04 13:45:26,551463004790671669779
52496978,2024-04-04 18:34:36,551463004790671669779
52506978,2024-04-04 23:22:47,551463004790671669779
52516978,2024-04-05 04:10:49,551463004790671669779
52526978,2024-04-05 08:58:09,556873437411524885534
52536978,2024-04-05 13:46:41,584637329278209720254
52546978,2024-04-05 18:37:14,584637329278209720254
52556978,2024-04-05 23:23:53,590534914018485087400
52566978,2024-04-06 04:16:59,644838930748464224412
52576978,2024-04-06 09:04:56,1084170924248481541347
52586978,2024-04-06 13:52:08,1088188076605866666756
52596978,2024-04-06 18:41:14,1088188076605866666756
52606978,2024-04-06 23:25:51,1091112093849734984980
52616978,2024-04-07 04:10:59,1109304486041387923613
52626978,2024-04-07 08:54:47,1109304486041387923613
52636978,2024-04-07 13:43:25,1126809127472326185163
52646978,2024-04-07 18:37:48,1126809127472326185163
52656978,2024-04-07 23:22:57,1126809127472326185163
52666978,2024-04-08 04:10:50,1126809127472326185163
52676978,2024-04-08 09:03:27,1126809127472326185163
52686978,2024-04-08 14:01:08,1164122930249284146264
52696978,2024-04-08 18:52:07,1211877170439524048733
52706978,2024-04-08 23:37:58,1212345937823976410915
52716978,2024-04-09 04:23:27,1214599785014479836233
52726978,2024-04-09 09:11:29,1255207408964053593357
52736978,2024-04-09 13:56:23,1262658892130533766828
52746978,2024-04-09 18:42:18,1281595092591169091624
52756978,2024-04-09 23:25:50,1294508044114147985021
52766978,2024-04-10 04:11:16,1294508044114147985021
52776978,2024-04-10 08:58:27,1410598224077583809968
52786978,2024-04-10 13:44:04,1419913568484180422933
52796978,2024-04-10 18:30:12,1419913568484180422933
52806978,2024-04-10 23:16:07,1421858504309792752441
52816978,2024-04-11 04:02:13,1423962036950395847244
52826978,2024-04-11 08:48:21,1453191148516882372335
52836978,2024-04-11 13:37:24,1470833351570439733821
52846978,2024-04-11 18:24:59,1470856962305282627406
52856978,2024-04-11 23:11:14,1470856962305282627406
52866978,2024-04-12 03:55:41,1470856962305282627406
52876978,2024-04-12 08:42:50,1635405423242671948450
52886978,2024-04-12 13:29:27,1671638513291070401579
52896978,2024-04-12 18:17:20,1671638513291070401579
52906978,2024-04-12 23:01:29,1683683680096328878778
52916978,2024-04-13 03:49:08,1695257304983566552635
52926978,2024-04-13 08:33:49,1695392577106640561799
52936978,2024-04-13 13:18:37,1695392577106640561799
52946978,2024-04-13 18:04:36,1723647701704365266117
52956978,2024-04-13 22:50:45,1742967661690198248299
52966978,2024-04-14 03:38:28,1748162681207092317604
52976978,2024-04-14 08:26:30,1780886106632717221763
52986978,2024-04-14 13:14:46,1780886106632717221763
52996978,2024-04-14 18:00:55,1857334488256821229471
53006978,2024-04-14 22:51:55,1859528961485212194726
53016978,2024-04-15 03:41:04,1860052036704616537823
53026978,2024-04-15 08:27:02,1873525411918123242266
53036978,2024-04-15 13:22:17,1890868409330745718744
53046978,2024-04-15 18:08:25,1906890374471699501342
53056978,2024-04-15 22:54:18,1927814605601777710496
53066978,2024-04-16 03:40:39,1968886830682288468980
53076978,2024-04-16 08:26:51,1998103740246170718120
53086978,2024-04-16 13:19:37,2000052174458923497372
53096978,2024-04-16 18:16:54,2000052174458923497372
53106978,2024-04-16 23:12:09,2000052174458923497372
53116978,2024-04-17 04:00:17,2001169584673924111564
53126978,2024-04-17 08:47:31,2001169584673924111564
53136978,2024-04-17 13:35:49,2016775682466711017612
53146978,2024-04-17 18:30:50,2016775682466711017612
53156978,2024-04-17 23:25:36,2033570099658402712868
53166978,2024-04-18 04:14:37,2061005396772430622810
53176978,2024-04-18 09:08:32,2121829787427696004475
53186978,2024-04-18 14:03:52,2224599881839692111204
53196978,2024-04-18 19:07:32,2434217825064871051544
53206978,2024-04-18 23:54:18,2434774986322674198090
53216978,2024-04-19 04:42:04,2435292548984378444137
53226978,2024-04-19 09:25:16,2463876819992799833439
53236978,2024-04-19 14:09:43,2498516738498550529754
53246978,2024-04-19 19:05:21,2526994107775859133706
53256978,2024-04-19 23:52:59,2526994107775859133706
53266978,2024-04-20 04:40:10,2532734697236970950377
53276978,2024-04-20 09:27:35,2617986275150700471448
53286978,2024-04-20 14:24:10,2617988469936325182830
53296978,2024-04-20 19:11:16,2628908182184502157189
53306978,2024-04-21 00:04:58,2649851018455909396115
53316978,2024-04-21 04:57:12,2650796723030501541143
53326978,2024-04-21 09:47:52,2674559830604868251806
53336978,2024-04-21 14:40:26,2674559830604868251806
53346978,2024-04-21 19:26:15,2701982718704318749085
53356978,2024-04-22 00:11:39,2711452693307121981165
53366978,2024-04-22 04:56:05,2711452693307121981165
53376978,2024-04-22 09:42:11,2758106237753322087108
53386978,2024-04-22 14:30:45,2771110351076941502493
53396978,2024-04-22 19:24:20,2804835273083356661416
53406978,2024-04-23 00:35:14,2804835498234253530856
53416978,2024-04-23 05:26:23,2808659365739228735336
53426978,2024-04-23 10:13:38,2808659365739228735336
53436978,2024-04-23 15:02:14,2808659365739228735336
53446978,2024-04-23 19:51:32,2824946396129237259519
53456978,2024-04-24 00:44:45,2861813006637804672149
53466978,2024-04-24 05:52:29,2871713033789896187981
53476978,2024-04-24 10:59:10,2874560468300589221874
53486978,2024-04-24 16:01:30,2877021999346012082951
53496978,2024-04-24 20:48:07,2886143448766463050891
53506978,2024-04-25 01:33:29,2886143448766463050891
53516978,2024-04-25 06:19:37,2925231464068124974087
53526978,2024-04-25 11:06:28,3003012095861440559415
53536978,2024-04-25 16:07:42,3003012095861440559415
53546978,2024-04-25 21:03:54,3003848064088448664005
53556978,2024-04-26 01:59:57,3010278887841954321972
53566978,2024-04-26 07:49:34,3010278887841954321972
53576978,2024-04-26 12:48:05,3018298684864292508438
53586978,2024-04-26 17:40:29,3045808456651766443098
53596978,2024-04-26 22:40:45,3045821673015275407225
53606978,2024-04-27 03:33:52,3045821673015275407225
53616978,2024-04-27 08:32:26,3045821673015275407225
53626978,2024-04-27 13:27:43,3050863458368954829086
53636978,2024-04-27 18:18:59,3061975148284625496426
53646978,2024-04-27 23:08:52,3072241949850540928219
53656978,2024-04-28 03:58:45,3121404982493109169194
53666978,2024-04-28 09:00:30,3121653657766463912382
53676978,2024-04-28 13:55:21,3207747696145944183700
53686978,2024-04-28 18:53:50,3238878523833754692081
53696978,2024-04-28 23:46:35,3238878523833754692081
53706978,2024-04-29 04:36:10,3243927260529047932568
53716978,2024-04-29 09:25:06,3243927260529047932568
53726978,2024-04-29 14:17:27,3307864742387954867845
53736978,2024-04-29 19:29:25,3322030008847418654798
53746978,2024-04-30 00:39:00,3322030008847418654798
53756978,2024-04-30 05:49:12,3324731832925900416236
53766978,2024-04-30 10:58:41,3380582078074434677354
53776978,2024-04-30 16:12:58,3411107746191834691967
53786978,2024-04-30 21:27:15,3411107746191834691967
53796978,2024-05-01 02:49:31,3411107746191834691967
53806978,2024-05-01 08:00:23,3411899624473389316637
53816978,2024-05-01 13:13:24,3447725171785016430427
53826978,2024-05-01 18:28:50,3468759680088802047190
53836978,2024-05-01 23:47:26,3473510395485355928069
53846978,2024-05-02 04:50:55,3490821023825536648090
53856978,2024-05-02 10:00:24,3553766804841594263725
53866978,2024-05-02 15:11:32,3561385197639107642255
53876978,2024-05-02 20:18:34,3561385197639107642255
53886978,2024-05-03 01:05:14,3561385197639107642255
53896978,2024-05-03 06:00:06,3561385197639107642255
53906978,2024-05-03 10:45:45,3642903505382538104532
53916978,2024-05-03 15:31:27,3657559667214890696862
53926978,2024-05-03 20:18:36,3657559667214890696862
53936978,2024-05-04 01:04:58,3657561854468869072008
53946978,2024-05-04 05:53:39,3663665351191948675630
53956978,2024-05-04 10:41:50,3663684191374929065472
53966978,2024-05-04 15:32:06,3685091971094071503449
53976978,2024-05-04 20:20:39,3722478844852003721000
53986978,2024-05-05 01:09:27,3731669024938223611829
53996978,2024-05-05 05:59:29,3732591979418013287155
54006978,2024-05-05 10:55:32,3732728956878524468528
54016978,2024-05-05 15:58:32,3732728956878524468528
54026978,2024-05-05 21:00:01,3743244887534542945255
54036978,2024-05-06 02:04:18,3743322054967572699762
54046978,2024-05-06 07:08:17,3751245304486078890832
54056978,2024-05-06 12:14:29,3893702491615252513684
54066978,2024-05-06 17:19:19,3893702491615252513684
54076978,2024-05-06 22:22:51,3905193152912283696721
54086978,2024-05-07 03:28:01,3912680637311387230989
54096978,2024-05-07 08:31:26,3912680637311387230989
54106978,2024-05-07 13:35:34,3912680637311387230989
54116978,2024-05-07 18:25:00,3912680637311387230989
54126978,2024-05-07 23:31:29,3912774813685304917840
54136978,2024-05-08 04:35:35,3918998092595135039171
54146978,2024-05-08 09:39:04,3918998092595135039171
54156978,2024-05-08 14:49:07,3920099059138614096802
54166978,2024-05-08 19:49:16,3939156812375008202013
54176978,2024-05-09 00:37:39,3939222683249003632057
54186978,2024-05-09 05:20:41,3939222683249003632057
54196978,2024-05-09 10:02:32,4047883007290885090217
54206978,2024-05-09 14:47:17,4047883007290885090217
54216978,2024-05-09 19:32:27,4059014397574307525068
54226978,2024-05-10 00:14:45,4072181126067157384448
54236978,2024-05-10 04:56:30,4084105267221567916043
54246978,2024-05-10 09:38:16,4084105267221567916043
54256978,2024-05-10 14:24:50,4111190241059328606700
54266978,2024-05-10 19:09:34,4111442590823641536576
54276978,2024-05-10 23:51:41,4114326067748186068204
54286978,2024-05-11 04:33:37,4114449173361600621572
54296978,2024-05-11 09:17:56,4114449173361600621572
54306978,2024-05-11 14:09:36,4114529107109394785784
54316978,2024-05-11 18:52:42,4114529107109394785784
54326978,2024-05-11 23:29:58,4121869473290651344788
54336978,2024-05-12 04:08:09,4121964746241541019566
54346978,2024-05-12 08:46:33,4121964746241541019566
54356978,2024-05-12 13:30:08,4235992105522960467351
54366978,2024-05-12 18:08:07,4266621715342858106340
54376978,2024-05-12 22:46:57,4267349163444601777757
54386978,2024-05-13 03:25:31,4267349163444601777757
54396978,2024-05-13 08:05:05,4271107958851060117769
54406978,2024-05-13 12:45:43,4406958313441060133214
54416978,2024-05-13 17:28:54,4432606955576757738946
54426978,2024-05-13 22:07:15,4432606955576757738946
54436978,2024-05-14 02:45:04,4432705418909239447958
54446978,2024-05-14 07:30:52,4432705418909239447958
54456978,2024-05-14 12:13:49,4469488781164315644670
54466978,2024-05-14 16:56:28,4469488781164315644670
54476978,2024-05-14 21:37:41,4473913455409917199671
54486978,2024-05-15 02:13:57,4473913455409917199671
54496978,2024-05-15 06:52:29,4473913455409917199671
54506978,2024-05-15 11:34:06,4577657176741293213586
54516978,2024-05-15 16:18:49,4610592242491850546242
54526978,2024-05-15 20:57:52,4610592242491850546242
54536978,2024-05-16 01:38:19,4613936283179160243571
54546978,2024-05-16 06:21:03,4614301991136396066322
54556978,2024-05-16 11:01:15,4614301991136396066322
54566978,2024-05-16 15:41:13,4614301991136396066322
54576978,2024-05-16 20:20:12,4614301991136396066322
54586978,2024-05-17 00:57:32,4616121654043930103429
54596978,2024-05-17 05:34:27,4616121654043930103429
54606978,2024-05-17 10:15:31,4818303802824684623835
54616978,2024-05-17 15:06:57,4819753059005615289109
54626978,2024-05-17 19:47:40,4819753059005615289109
54636978,2024-05-18 00:33:13,4846145213017560339869
54646978,2024-05-18 05:09:38,4846145213017560339869
54656978,2024-05-18 09:53:09,4943457064478278343365
54666978,2024-05-18 14:39:03,4945456218317172302892
54676978,2024-05-18 19:20:25,4959551943942156045878
54686978,2024-05-18 23:57:07,4959551943942156045878
54696978,2024-05-19 04:33:16,4960366118305122259744
54706978,2024-05-19 09:14:31,4963143825809551222001
54716978,2024-05-19 13:55:38,4963209510985093258691
54726978,2024-05-19 18:36:27,4963439618802355404317
54736978,2024-05-19 23:14:04,5026097752578017986265
54746978,2024-05-20 03:51:20,5029232940669808134648
54756978,2024-05-20 08:27:58,5042323107850820470550
54766978,2024-05-20 13:07:07,5042323107850820470550
54776978,2024-05-20 17:44:22,5070551667840439292373
54786978,2024-05-20 22:22:03,5071592812678686911742
54796978,2024-05-21 02:57:18,5071698799424210558885
54806978,2024-05-21 07:33:59,5081637592593050695832
54816978,2024-05-21 12:12:20,5158587492997199082120
54826978,2024-05-21 16:52:48,5158707671410274325775
54836978,2024-05-21 21:31:52,5168868938034814349416
54846978,2024-05-22 02:08:49,5176815067819162288927
54856978,2024-05-22 06:50:40,5177360599424595762359
54866978,2024-05-22 11:28:07,5224489265369309677255
54876978,2024-05-22 16:20:31,5225244105982761228616
54886978,2024-05-22 21:18:46,5225244105982761228616
54896978,2024-05-23 02:15:11,5233755568398539298069
54906978,2024-05-23 07:09:10,5235254676882038286821
54916978,2024-05-23 12:03:53,5259445678359070739607
54926978,2024-05-23 16:59:35,5337575496563967277647
54936978,2024-05-23 21:52:30,5389680052474728034867
54946978,2024-05-24 02:43:53,5389680052474728034867
54956978,2024-05-24 07:37:40,5391378725405703850666
54966978,2024-05-24 12:32:14,5404052394295893234058
54976978,2024-05-24 17:27:55,5441931652399556949142
54986978,2024-05-24 22:19:51,5441936970215700281866
54996978,2024-05-25 03:14:22,5443040106928465225533
55006978,2024-05-25 08:08:59,5443570018905888013372
55016978,2024-05-25 13:04:09,5450164888475418152947
55026978,2024-05-25 18:02:11,5450292649776948812809
55036978,2024-05-25 22:56:36,5470955297664320011846
55046978,2024-05-26 03:50:38,5474033937900139497530
55056978,2024-05-26 08:47:06,5488234936279535785483
55066978,2024-05-26 13:41:45,5488234936279535785483
55076978,2024-05-26 18:37:14,5488234936279535785483
55086978,2024-05-26 23:31:55,5490741724674976505836
55096978,2024-05-27 04:27:44,5490741724674976505836
55106978,2024-05-27 09:25:23,5539070573983253384428
55116978,2024-05-27 14:21:13,5540043500062533105095
55126978,2024-05-27 19:15:33,5540043683067423435679
55136978,2024-05-28 00:10:52,5548230896424364240522
55146978,2024-05-28 05:04:38,5548230896424364240522
55156978,2024-05-28 09:58:49,5733443249844212345297
55166978,2024-05-28 14:55:23,5763818086123689468991
55176978,2024-05-28 19:50:27,5773214661021887841609
55186978,2024-05-29 00:38:39,5773497087574934261209
55196978,2024-05-29 05:24:08,5774105903615316822039
55206978,2024-05-29 10:05:43,5797137702347673192664
55216978,2024-05-29 14:50:41,5801869054467853865952
55226978,2024-05-29 19:40:13,5804633340445336112215
55236978,2024-05-30 00:28:38,5804925175389204197543
55246978,2024-05-30 05:24:32,5804925175389204197543
55256978,2024-05-30 10:16:57,5834662567481762801914
55266978,2024-05-30 15:07:01,5845120744548269738737
55276978,2024-05-30 19:54:45,5884719657431992156566
55286978,2024-05-31 00:40:05,5884719657431992156566
55296978,2024-05-31 05:26:01,5885923691418029830584
55306978,2024-05-31 10:13:05,5903667536548632827679
55316978,2024-05-31 15:04:14,5907781644542771032231
55326978,2024-05-31 19:48:11,5907781644542771032231
55336978,2024-06-01 00:30:16,5907781644542771032231
55346978,2024-06-01 05:13:52,5907781644542771032231
55356978,2024-06-01 09:56:03,6202347912924201051266
55366978,2024-06-01 14:39:14,6202633049048861000431
55376978,2024-06-01 19:25:18,6243442775356687871190
55386978,2024-06-02 00:09:55,6243442775356687871190
55396978,2024-06-02 04:52:58,6247604241881976033087
55406978,2024-06-02 09:36:44,6270903282273274799033
55416978,2024-06-02 14:18:18,6271150830174130123976
55426978,2024-06-02 19:03:04,6271150830174130123976
55436978,2024-06-02 23:43:36,6271150830174130123976
55446978,2024-06-03 04:24:41,6271150830174130123976
55456978,2024-06-03 09:09:26,6284864127981769296622
55466978,2024-06-03 13:58:03,6284864127981769296622
55476978,2024-06-03 18:41:10,6284870505220973672766
55486978,2024-06-03 23:22:45,6297214499793819139336
55496978,2024-06-04 04:04:50,6297214499793819139336
55506978,2024-06-04 08:47:39,6297214499793819139336
55516978,2024-06-04 13:31:06,6317498531582948332669
55526978,2024-06-04 18:58:19,6343861460126754105759
55536978,2024-06-04 23:42:31,6343861460126754105759
55546978,2024-06-05 04:27:22,6343861460126754105759
55556978,2024-06-05 09:06:37,6343861460126754105759
55566978,2024-06-05 13:46:35,6344230025611799431372
55576978,2024-06-05 18:30:57,6346149446845831231200
55586978,2024-06-05 23:14:40,6352552929251429515435
55596978,2024-06-06 03:55:04,6359993051459087140276
55606978,2024-06-06 08:52:06,6377556830162096958375
55616978,2024-06-06 13:48:27,6392669707306338436356
55626978,2024-06-06 18:42:49,6458608702477275170584
55636978,2024-06-06 23:27:57,6459792433289745358861
55646978,2024-06-07 04:05:35,6459792433289745358861
55656978,2024-06-07 08:47:03,6469647068220151076130
55666978,2024-06-07 13:30:38,6480266955731494887399
55676978,2024-06-07 18:13:39,6689090098776589765034
55686978,2024-06-07 22:51:40,6690628685955319913105
55696978,2024-06-08 03:29:52,6690628685955319913105
55706978,2024-06-08 08:08:19,6690628685955319913105
55716978,2024-06-08 12:45:22,6698999787965013150539
55726978,2024-06-08 17:22:26,6699265681363338434252
55736978,2024-06-08 21:59:25,6711449643993255534486
55746978,2024-06-09 02:35:46,6711449643993255534486
55756978,2024-06-09 07:12:30,6711449643993255534486
55766978,2024-06-09 11:48:36,6720461563109549177542
55776978,2024-06-09 16:24:56,6726123450233754196439
55786978,2024-06-09 21:01:47,6726123450233754196439
55796978,2024-06-10 01:37:41,6726123450233754196439
55806978,2024-06-10 06:16:14,6726123450233754196439
55816978,2024-06-10 10:51:43,6734208432283011921643
55826978,2024-06-10 15:27:30,6734208432283011921643
55836978,2024-06-10 20:16:03,6760225958800690568521
55846978,2024-06-11 01:07:04,6770931025495696947752
55856978,2024-06-11 06:00:10,6776276634296090367351
55866978,2024-06-11 10:52:49,6792682245759310211360
55876978,2024-06-11 15:47:07,6794100434954892696632
55886978,2024-06-11 20:40:43,6794111158786054917988
55896978,2024-06-12 01:32:20,6794111158786054917988
55906978,2024-06-12 06:26:04,6794111158786054917988
55916978,2024-06-12 11:17:11,6796059780859054772523
55926978,2024-06-12 16:12:06,6796385464379391082312
55936978,2024-06-12 21:03:22,6796499087830518968827
55946978,2024-06-13 01:55:19,6796499087830518968827
55956978,2024-06-13 06:48:43,6796499087830518968827
55966978,2024-06-13 11:43:18,7006027312823948787913
55976978,2024-06-13 16:38:25,7018730331381689007734
55986978,2024-06-13 21:30:25,7018730331381689007734
55996978,2024-06-14 02:23:56,7018730331381689007734
56006978,2024-06-14 07:23:00,7019150493949833222397
56016978,2024-06-14 12:18:21,7078250293800340093320
56026978,2024-06-14 17:13:53,7125589409778970770810
56036978,2024-06-14 22:06:30,7125589409778970770810
56046978,2024-06-15 02:59:58,7131044105523357107712
56056978,2024-06-15 07:54:46,7135457789732759103002
56066978,2024-06-15 12:49:28,7153219631329608278917
56076978,2024-06-15 17:43:29,7153219631329608278917
56086978,2024-06-15 22:38:21,7169472256545218758998
56096978,2024-06-16 03:29:48,7169472256545218758998
56106978,2024-06-16 08:25:29,7169472256545218758998
56116978,2024-06-16 13:19:02,7169472256545218758998
56126978,2024-06-16 18:12:49,7173641028874497420346
56136978,2024-06-16 23:02:22,7173998827712826138976
56146978,2024-06-17 03:53:11,7173998827712826138976
56156978,2024-06-17 08:47:09,7173998827712826138976
56166978,2024-06-17 13:39:31,7399756315909660001638
56176978,2024-06-17 18:33:44,7402538643770523198755
56186978,2024-06-17 23:24:23,7407960283218749369861
56196978,2024-06-18 04:15:09,7412559132453208979663
56206978,2024-06-18 09:17:51,7412559132453208979663
56216978,2024-06-18 14:15:39,7415573997036516001093
56226978,2024-06-18 19:10:04,7415573997036516001093
56236978,2024-06-19 00:01:38,7416004153251919013134
56246978,2024-06-19 04:52:11,7419325300232085484527
56256978,2024-06-19 09:45:25,7419325300232085484527
56266978,2024-06-19 14:39:49,7420762956836144348249
56276978,2024-06-19 19:29:00,7460976324730632422966
56286978,2024-06-20 00:07:02,7461035897156247693009
56296978,2024-06-20 04:47:57,7461035897156247693009
56306978,2024-06-20 09:26:51,7483779456414150505695
56316978,2024-06-20 14:03:19,7717813431442641676888
56326978,2024-06-20 18:40:51,7717813431442641676888
56336978,2024-06-20 23:18:15,7717813431442641676888
56346978,2024-06-21 03:52:39,7717813431442641676888
56356978,2024-06-21 08:31:05,7718392301129400495905
56366978,2024-06-21 13:09:25,7718392301129400495905
56376978,2024-06-21 17:47:02,7718392301129400495905
56386978,2024-06-21 22:23:29,7718392301129400495905
56396978,2024-06-22 03:00:11,7815083041874244792038
56406978,2024-06-22 07:35:47,7840234894350990459240
56416978,2024-06-22 12:10:56,7843661813563257515930
56426978,2024-06-22 16:49:06,7887136069472806351116
56436978,2024-06-22 21:29:06,7898697640755792365802
56446978,2024-06-23 02:04:25,7898697640755792365802
56456978,2024-06-23 06:38:55,7898862332018914756907
56466978,2024-06-23 11:12:39,7898862332018914756907
56476978,2024-06-23 15:45:28,7898862332018914756907
56486978,2024-06-23 20:17:22,7902063277938366049837
56496978,2024-06-24 00:48:42,7902999208558525986498
56506978,2024-06-24 05:22:03,7902999208558525986498
56516978,2024-06-24 09:56:01,7902999208558525986498
56526978,2024-06-24 14:30:02,7908207580204630346429
56536978,2024-06-24 19:02:44,7919987339070292787846
56546978,2024-06-24 23:37:30,7919987339070292787846
56556978,2024-06-25 04:07:52,7919987339070292787846
56566978,2024-06-25 08:37:44,7919987339070292787846
56576978,2024-06-25 13:10:21,7919987339070292787846
56586978,2024-06-25 17:46:50,7919987339070292787846
56596978,2024-06-25 22:19:19,7932387193845128808324
56606978,2024-06-26 02:49:45,7932387193845128808324
56616978,2024-06-26 07:26:44,7932387193845128808324
56626978,2024-06-26 11:58:31,7945558511033786954773
56636978,2024-06-26 16:42:16,7945558511033786954773
56646978,2024-06-26 21:27:56,7945558511033786954773
56656978,2024-06-27 02:14:11,7954385563205428997533
56666978,2024-06-27 07:00:41,7954385563205428997533
56676978,2024-06-27 11:50:46,7954385563205428997533
56686978,2024-06-27 16:40:41,7954385563205428997533
56696978,2024-06-27 21:18:36,7954385563205428997533
56706978,2024-06-28 01:50:08,7954385563205428997533
56716978,2024-06-28 06:26:20,7954385563205428997533
56726978,2024-06-28 10:58:09,7954385563205428997533
56736978,2024-06-28 15:30:45,7954385563205428997533
56746978,2024-06-28 20:03:58,7954385563205428997533
56756978,2024-06-29 00:37:57,7954385563205428997533
56766978,2024-06-29 05:13:30,7954385563205428997533
56776978,2024-06-29 09:45:37,7954385563205428997533
56786978,2024-06-29 14:19:47,7954385563205428997533
56796978,2024-06-29 18:51:17,7954385563205428997533
56806978,2024-06-29 23:24:32,7954385563205428997533
56816978,2024-06-30 03:55:28,7954385563205428997533
56826978,2024-06-30 08:28:59,7954385563205428997533
56836978,2024-06-30 13:00:44,7954385563205428997533
56846978,2024-06-30 17:31:38,7954385563205428997533
56856978,2024-06-30 22:03:33,7954385563205428997533
56866978,2024-07-01 02:38:10,7954385563205428997533
56876978,2024-07-01 07:13:45,7954385563205428997533
56886978,2024-07-01 11:45:31,7954385563205428997533
56896978,2024-07-01 16:21:00,7954385563205428997533
56906978,2024-07-01 20:53:31,7954385563205428997533
56916978,2024-07-02 01:25:22,7954385563205428997533
56926978,2024-07-02 06:00:02,7955487414882865194805
56936978,2024-07-02 10:34:06,7955487414882865194805
56946978,2024-07-02 15:06:56,7955487414882865194805
56956978,2024-07-02 19:42:14,7967095556925936353469
56966978,2024-07-03 00:17:46,7967095556925936353469
56976978,2024-07-03 04:50:31,7967095556925936353469
56986978,2024-07-03 09:21:40,7967095556925936353469
56996978,2024-07-03 13:52:01,7967095556925936353469
57006978,2024-07-03 18:24:11,7967095556925936353469
57016978,2024-07-03 22:54:56,7983277602199142238953
57026978,2024-07-04 03:25:45,7983277602199142238953
57036978,2024-07-04 07:59:03,7983277602199142238953
57046978,2024-07-04 12:31:55,7983277602199142238953
57056978,2024-07-04 17:07:48,7983277602199142238953
57066978,2024-07-04 21:39:06,7983277602199142238953
57076978,2024-07-05 02:11:40,7983277602199142238953
57086978,2024-07-05 06:44:02,7990505099753297542470
57096978,2024-07-05 11:14:58,7990505099753297542470
57106978,2024-07-05 15:54:29,7990505099753297542470
57116978,2024-07-05 20:23:57,7990505099753297542470
57126978,2024-07-06 00:52:45,7990505099753297542470
57136978,2024-07-06 05:24:39,7990505099753297542470
57146978,2024-07-06 09:54:28,7990505099753297542470
57156978,2024-07-06 14:24:27,7990505099753297542470
57166978,2024-07-06 18:53:41,7990505099753297542470
57176978,2024-07-06 23:23:08,7990505099753297542470
57186978,2024-07-07 03:54:03,7990505099753297542470
57196978,2024-07-07 08:29:01,7990505099753297542470
57206978,2024-07-07 12:59:47,7990505099753297542470
57216978,2024-07-07 17:35:51,7990505099753297542470
57226978,2024-07-07 22:18:06,7990505099753297542470
57236978,2024-07-08 02:58:32,7990505099753297542470
57246978,2024-07-08 07:36:49,7990505099753297542470
57256978,2024-07-08 12:19:24,7990505099753297542470
57266978,2024-07-08 17:02:58,8004814621665964540000
57276978,2024-07-08 21:36:10,8004814621665964540000
57286978,2024-07-09 02:07:20,8004814621665964540000
57296978,2024-07-09 06:38:13,8004814621665964540000
57306978,2024-07-09 11:11:13,8004814621665964540000
57316978,2024-07-09 15:42:31,8004814621665964540000
57326978,2024-07-09 20:13:30,8004814621665964540000
57336978,2024-07-10 00:43:37,8004814621665964540000
57346978,2024-07-10 05:13:56,8004814621665964540000
57356978,2024-07-10 09:45:33,8004814621665964540000
57366978,2024-07-10 14:18:00,8004814621665964540000
57376978,2024-07-10 18:50:44,8004814621665964540000
57386978,2024-07-10 23:19:51,8004814621665964540000
57396978,2024-07-11 03:53:38,8004814621665964540000
57406978,2024-07-11 08:24:27,8004814621665964540000
57416978,2024-07-11 12:54:59,8026995323456100674878
57426978,2024-07-11 17:26:49,8026995323456100674878
57436978,2024-07-11 21:56:22,8026995323456100674878
57446978,2024-07-12 02:25:07,8026995323456100674878
57456978,2024-07-12 06:56:30,8026995323456100674878
57466978,2024-07-12 11:28:28,8026995323456100674878
57476978,2024-07-12 16:02:17,8026995323456100674878
57486978,2024-07-12 20:35:35,8026995323456100674878
57496978,2024-07-13 01:12:31,8026995323456100674878
57506978,2024-07-13 05:45:03,8026995323456100674878
57516978,2024-07-13 10:25:46,8026995323456100674878
57526978,2024-07-13 14:58:50,8026995323456100674878
57536978,2024-07-13 19:29:50,8026995323456100674878
57546978,2024-07-14 00:02:33,8026995323456100674878
57556978,2024-07-14 04:37:41,8026995323456100674878
57566978,2024-07-14 09:10:42,8026995323456100674878
57576978,2024-07-14 13:42:13,8026995323456100674878
57586978,2024-07-14 18:16:38,8026995323456100674878
57596978,2024-07-14 22:48:26,8026995323456100674878
57606978,2024-07-15 03:21:06,8026995323456100674878
57616978,2024-07-15 07:56:40,8026995323456100674878
57626978,2024-07-15 12:31:01,8026995323456100674878
57636978,2024-07-15 17:07:30,8026995323456100674878
57646978,2024-07-15 21:42:10,8026995323456100674878
57656978,2024-07-16 02:15:48,8026995323456100674878
57666978,2024-07-16 06:53:06,8026995323456100674878
57676978,2024-07-16 11:32:07,8026995323456100674878
57686978,2024-07-16 16:08:38,8026995323456100674878
57696978,2024-07-16 20:43:37,8026995323456100674878
57706978,2024-07-17 01:21:14,8026995323456100674878
57716978,2024-07-17 05:56:41,8026995323456100674878
57726978,2024-07-17 10:31:58,8026995323456100674878
57736978,2024-07-17 15:04:48,8026995323456100674878
57746978,2024-07-17 19:38:00,8026995323456100674878
57756978,2024-07-18 00:10:52,8026995323456100674878
57766978,2024-07-18 04:44:43,8026995323456100674878
57776978,2024-07-18 09:19:42,8026995323456100674878
57786978,2024-07-18 13:54:25,8026995323456100674878
57796978,2024-07-18 18:32:14,8026995323456100674878
57806978,2024-07-18 23:10:02,8026995323456100674878
57816978,2024-07-19 03:43:32,8026995323456100674878
57826978,2024-07-19 08:17:21,8026995323456100674878
57836978,2024-07-19 12:52:45,8026995323456100674878
57846978,2024-07-19 17:28:21,8026995323456100674878
57856978,2024-07-19 22:08:38,8026995323456100674878
57866978,2024-07-20 02:48:58,8026995323456100674878
57876978,2024-07-20 07:28:33,8377155940510147196708
57886978,2024-07-20 12:04:25,8377155940510147196708
57896978,2024-07-20 16:36:45,8377155940510147196708
57906978,2024-07-20 21:12:14,8377155940510147196708
57916978,2024-07-21 01:46:43,8377155940510147196708
57926978,2024-07-21 06:22:05,8377155940510147196708
57936978,2024-07-21 11:11:22,8377155940510147196708
57946978,2024-07-21 15:46:54,8377155940510147196708
57956978,2024-07-21 20:24:07,8377155940510147196708
57966978,2024-07-22 00:58:16,8377155940510147196708
57976978,2024-07-22 05:37:55,8377155940510147196708
57986978,2024-07-22 10:13:13,8377155940510147196708
57996978,2024-07-22 14:48:56,8377155940510147196708
58006978,2024-07-22 19:24:25,8377155940510147196708
58016978,2024-07-22 23:58:28,8377155940510147196708
58026978,2024-07-23 04:36:41,8377155940510147196708
58036978,2024-07-23 09:56:30,8377155940510147196708
58046978,2024-07-23 14:30:45,8377155967519353990114
58056978,2024-07-23 19:06:33,8377155967519353990114
58066978,2024-07-23 23:39:06,8377155967519353990114
58076978,2024-07-24 04:11:51,8377155967519353990114
58086978,2024-07-24 08:46:01,8377155967519353990114
58096978,2024-07-24 13:20:05,8377155967519353990114
58106978,2024-07-24 17:53:28,8377155967519353990114
58116978,2024-07-24 22:26:00,8377155967519353990114
58126978,2024-07-25 02:58:13,8377155967519353990114
58136978,2024-07-25 07:31:15,8377155967519353990114
58146978,2024-07-25 12:03:10,8377155967519353990114
58156978,2024-07-25 16:36:16,8377155967519353990114
58166978,2024-07-25 21:13:26,8377155967519353990114
58176978,2024-07-26 01:44:46,8377155967519353990114
58186978,2024-07-26 06:17:01,8377155967519353990114
58196978,2024-07-26 10:49:15,8377155967519353990114
58206978,2024-07-26 15:20:14,8377155967519353990114
58216978,2024-07-26 19:52:58,8377155967519353990114
58226978,2024-07-27 00:26:29,8377155967519353990114
58236978,2024-07-27 05:00:15,8377155967519353990114
58246978,2024-07-27 09:33:30,8377155967519353990114
58256978,2024-07-27 14:04:50,8377155967519353990114
58266978,2024-07-27 18:37:34,8377155967519353990114
58276978,2024-07-27 23:10:35,8377155967519353990114
58286978,2024-07-28 03:43:29,8377155967519353990114
58296978,2024-07-28 08:16:12,8377155967519353990114
58306978,2024-07-28 12:49:40,8377155967519353990114
58316978,2024-07-28 17:25:13,8377155967519353990114
58326978,2024-07-28 22:00:53,8377155967519353990114
58336978,2024-07-29 02:34:10,8377155967519353990114
58346978,2024-07-29 07:08:11,8377155967519353990114
58356978,2024-07-29 11:43:08,8377155967519353990114
58366978,2024-07-29 16:17:18,8377155967519353990114
58376978,2024-07-29 20:52:28,8377155967519353990114
58386978,2024-07-30 01:24:47,8377155967519353990114
58396978,2024-07-30 05:59:26,8377155967519353990114
58406978,2024-07-30 10:39:55,8377155967519353990114
58416978,2024-07-30 15:19:42,8377155967519353990114
58426978,2024-07-30 19:55:05,8377155967519353990114
58436978,2024-07-31 00:28:12,8377155967519353990114
58446978,2024-07-31 05:01:21,8377155967519353990114
58456978,2024-07-31 09:36:17,8377155967519353990114
58466978,2024-07-31 14:12:29,8377155967519353990114
58476978,2024-07-31 18:50:15,8377155967519353990114
58486978,2024-08-01 01:45:12,8377155967519353990114
58496978,2024-08-01 06:35:57,8377155967519353990114
58506978,2024-08-01 11:28:14,8377155967519353990114
58516978,2024-08-01 16:23:53,8377155967519353990114
58526978,2024-08-01 20:55:12,8377155967519353990114
58536978,2024-08-02 01:28:05,8377155967519353990114
58546978,2024-08-02 06:00:19,8377155967519353990114
58556978,2024-08-02 10:33:49,8377155967519353990114
58566978,2024-08-02 15:07:48,8377155967519353990114
58576978,2024-08-02 19:43:33,8377155967519353990114
58586978,2024-08-03 00:19:19,8377155967519353990114
58596978,2024-08-03 04:54:22,8377155967519353990114
58606978,2024-08-03 09:28:17,8377155967519353990114
58616978,2024-08-03 14:03:31,8377155967519353990114
58626978,2024-08-03 18:40:40,8377155967519353990114
58636978,2024-08-03 23:17:52,8377155967519353990114
58646978,2024-08-04 03:52:33,8377155967519353990114
58656978,2024-08-04 08:26:52,8377155967519353990114
58666978,2024-08-04 13:00:31,8377155967519353990114
58676978,2024-08-04 17:34:18,8377155967519353990114
58686978,2024-08-04 22:08:47,8377155967519353990114
58696978,2024-08-05 02:46:33,8377155967519353990114
58706978,2024-08-05 07:20:37,8377155967519353990114
58716978,2024-08-05 11:55:56,8413213238412084820655
58726978,2024-08-05 16:33:23,8413213238412084820655
58736978,2024-08-05 21:09:54,8413213238412084820655
58746978,2024-08-06 01:45:25,8413213238412084820655
58756978,2024-08-06 06:19:52,8413213238412084820655
58766978,2024-08-06 10:55:25,8413213238412084820655
58776978,2024-08-06 15:30:08,8413213238412084820655
58786978,2024-08-06 20:04:38,8413213238412084820655
58796978,2024-08-07 00:40:01,8413213238412084820655
58806978,2024-08-07 05:13:15,8413213238412084820655
58816978,2024-08-07 09:46:03,8413213238412084820655
58826978,2024-08-07 14:20:58,8413213238412084820655
58836978,2024-08-07 18:55:12,8413213238412084820655
58846978,2024-08-07 23:30:11,8413213238412084820655
58856978,2024-08-08 04:04:05,8413213238412084820655
58866978,2024-08-08 08:37:23,8413213238412084820655
58876978,2024-08-08 13:11:44,8413213238412084820655
58886978,2024-08-08 17:45:18,8413213238412084820655
58896978,2024-08-08 22:19:51,8413213238412084820655
58906978,2024-08-09 02:54:52,8413213238412084820655
58916978,2024-08-09 07:27:55,8413213238412084820655
58926978,2024-08-09 12:01:23,8413213238412084820655
58936978,2024-08-09 16:33:13,8413213238412084820655
58946978,2024-08-09 21:06:10,8413213238412084820655
58956978,2024-08-10 01:38:17,8413213238412084820655
58966978,2024-08-10 06:09:10,8413213238412084820655
58976978,2024-08-10 10:46:42,8413213238412084820655
58986978,2024-08-10 15:22:50,8413213238412084820655
58996978,2024-08-10 20:05:50,8413213238412084820655
59006978,2024-08-11 00:37:38,8413213238412084820655
59016978,2024-08-11 05:13:24,8413213238412084820655
59026978,2024-08-11 09:51:45,8413213238412084820655
59036978,2024-08-11 14:24:52,8413213238412084820655
59046978,2024-08-11 18:57:11,8413213238412084820655
59056978,2024-08-11 23:26:38,8413213238412084820655
59066978,2024-08-12 03:57:28,8413213238412084820655
59076978,2024-08-12 08:28:21,8413213238412084820655
59086978,2024-08-12 13:00:07,8413213238412084820655
59096978,2024-08-12 17:32:13,8413213238412084820655
59106978,2024-08-12 22:03:32,8413213238412084820655
59116978,2024-08-13 02:33:59,8413213238412084820655
59126978,2024-08-13 07:04:34,8413213238412084820655
59136978,2024-08-13 11:34:41,8413213238412084820655
59146978,2024-08-13 16:09:27,8413213238412084820655
59156978,2024-08-13 20:40:45,8413213238412084820655
59166978,2024-08-14 01:12:02,8413213238412084820655
59176978,2024-08-14 05:43:29,8413213238412084820655
59186978,2024-08-14 10:16:53,8413213238412084820655
59196978,2024-08-14 14:59:06,8413213238412084820655
59206978,2024-08-14 19:37:03,8413213238412084820655
59216978,2024-08-15 00:11:12,8413213238412084820655
59226978,2024-08-15 04:46:49,8413213238412084820655
59236978,2024-08-15 09:18:55,8413213238412084820655
59246978,2024-08-15 13:52:44,8413213238412084820655
59256978,2024-08-15 18:24:15,8413213238412084820655
59266978,2024-08-15 22:54:47,8413213238412084820655
59276978,2024-08-16 03:25:59,8413213238412084820655
59286978,2024-08-16 08:14:57,8413213238412084820655
59296978,2024-08-16 13:06:54,8413213238412084820655
59306978,2024-08-16 17:57:28,8413213238412084820655
59316978,2024-08-16 22:47:00,8413213238412084820655
59326978,2024-08-17 03:37:00,8413213238412084820655
59336978,2024-08-17 08:25:03,8413213238412084820655
59346978,2024-08-17 13:08:00,8413213238412084820655
59356978,2024-08-17 17:40:54,8413213238412084820655
59366978,2024-08-17 22:12:05,8413213238412084820655
59376978,2024-08-18 02:42:44,8413213238412084820655
59386978,2024-08-18 07:20:04,8413213238412084820655
59396978,2024-08-18 11:52:45,8413213238412084820655
59406978,2024-08-18 16:25:57,8413213238412084820655
59416978,2024-08-18 20:57:13,8413213238412084820655
59426978,2024-08-19 01:27:46,8413213238412084820655
59436978,2024-08-19 05:59:27,8413213238412084820655
59446978,2024-08-19 10:31:39,8413213238412084820655
59456978,2024-08-19 15:03:14,8413213238412084820655
59466978,2024-08-19 19:35:00,8413213238412084820655
59476978,2024-08-20 00:07:41,8413213238412084820655
59486978,2024-08-20 04:38:16,8413213238412084820655
59496978,2024-08-20 09:09:46,8413213238412084820655
59506978,2024-08-20 13:42:22,8413213238412084820655
59516978,2024-08-20 18:16:34,8413213238412084820655
59526978,2024-08-20 22:50:28,8413213238412084820655
59536978,2024-08-21 03:23:38,8413213238412084820655
59546978,2024-08-21 07:57:07,8413213238412084820655
59556978,2024-08-21 12:39:36,8413213238412084820655
59566978,2024-08-21 17:14:13,8413213238412084820655
59576978,2024-08-21 21:55:41,8413213238412084820655
59586978,2024-08-22 02:26:59,8413213238412084820655
59596978,2024-08-22 06:57:59,8413213238412084820655
59606978,2024-08-22 11:29:51,8413213238412084820655
59616978,2024-08-22 16:02:14,8413213238412084820655
59626978,2024-08-22 20:33:45,8413213238412084820655
59636978,2024-08-23 01:05:11,8413213238412084820655
59646978,2024-08-23 05:36:49,8413213238412084820655
59656978,2024-08-23 10:17:04,8413213238412084820655
59666978,2024-08-23 14:48:50,8413213238412084820655
59676978,2024-08-23 19:19:58,8413213238412084820655
59686978,2024-08-23 23:50:28,8413213238412084820655
59696978,2024-08-24 04:21:26,8413213238412084820655
59706978,2024-08-24 08:53:13,8413213238412084820655
59716978,2024-08-24 13:25:17,8413213238412084820655
59726978,2024-08-24 17:56:22,8413213238412084820655
59736978,2024-08-24 22:26:03,8413213238412084820655
59746978,2024-08-25 02:57:19,8413213238412084820655
59756978,2024-08-25 07:28:00,8413213238412084820655
59766978,2024-08-25 11:58:49,8413213238412084820655
59776978,2024-08-25 16:30:06,8413213238412084820655
59786978,2024-08-25 21:03:17,8413213238412084820655
59796978,2024-08-26 01:35:12,8413213238412084820655
59806978,2024-08-26 06:08:27,8413213238412084820655
59816978,2024-08-26 10:40:15,8413213238412084820655
59826978,2024-08-26 15:13:19,8413213238412084820655
59836978,2024-08-26 19:48:22,8413213238412084820655
59846978,2024-08-27 00:22:18,8413213238412084820655
59856978,2024-08-27 05:01:02,8413213238412084820655
59866978,2024-08-27 09:31:47,8413213238412084820655
59876978,2024-08-27 14:03:18,8413213238412084820655
59886978,2024-08-27 18:37:09,8413213238412084820655
59896978,2024-08-27 23:10:00,8413213238412084820655
59906978,2024-08-28 03:41:04,8413213238412084820655
59916978,2024-08-28 08:11:29,8413213238412084820655
59926978,2024-08-28 12:44:24,8413213238412084820655
59936978,2024-08-28 17:15:15,8413213238412084820655
59946978,2024-08-28 21:44:36,8413213238412084820655
59956978,2024-08-29 02:15:44,8413213238412084820655
59966978,2024-08-29 06:46:06,8413213238412084820655
59976978,2024-08-29 11:22:32,8413213238412084820655
59986978,2024-08-29 15:59:02,8413213238412084820655
59996978,2024-08-29 20:35:28,8413213238412084820655
60006978,2024-08-30 01:12:01,8413213238412084820655
60016978,2024-08-30 05:42:57,8413213238412084820655
60026978,2024-08-30 10:14:36,8413213238412084820655
60036978,2024-08-30 14:45:32,8413213238412084820655
60046978,2024-08-30 19:16:57,8413213238412084820655
60056978,2024-08-30 23:48:19,8413213238412084820655
60066978,2024-08-31 04:19:01,8413213238412084820655
60076978,2024-08-31 08:50:16,8413213238412084820655
60086978,2024-08-31 13:20:59,8413213238412084820655
60096978,2024-08-31 17:51:41,8413213238412084820655
60106978,2024-08-31 22:25:09,8413213238412084820655
60116978,2024-09-01 02:58:13,8413213238412084820655
60126978,2024-09-01 07:30:41,8413213238412084820655
60136978,2024-09-01 12:04:22,8413213238412084820655
60146978,2024-09-01 16:35:49,8413213238412084820655
60156978,2024-09-01 21:06:55,8413213238412084820655
60166978,2024-09-02 01:39:31,8413213238412084820655
60176978,2024-09-02 06:17:14,8413213238412084820655
60186978,2024-09-02 11:21:33,8413213238412084820655
60196978,2024-09-02 15:54:59,8413213238412084820655
60206978,2024-09-02 20:28:41,8413213238412084820655
60216978,2024-09-03 00:59:39,8413213238412084820655
60226978,2024-09-03 05:29:10,8413213238412084820655
60236978,2024-09-03 09:59:28,8413213238412084820655
60246978,2024-09-03 14:30:51,8413213238412084820655
60256978,2024-09-03 19:00:42,8413213238412084820655
60266978,2024-09-03 23:30:57,8413213238412084820655
60276978,2024-09-04 04:01:16,8413213238412084820655
60286978,2024-09-04 08:30:38,8413213238412084820655
60296978,2024-09-04 13:04:44,8413213238412084820655
60306978,2024-09-04 17:51:21,8413213238412084820655
60316978,2024-09-04 22:22:35,8413213238412084820655
60326978,2024-09-05 02:53:48,8413213238412084820655
60336978,2024-09-05 07:24:16,8413213238412084820655
60346978,2024-09-05 11:57:48,8413213238412084820655
60356978,2024-09-05 16:32:11,8413213238412084820655
60366978,2024-09-05 21:04:51,8413213238412084820655
60376978,2024-09-06 01:36:06,8413213238412084820655
60386978,2024-09-06 06:08:43,8413213238412084820655
60396978,2024-09-06 10:39:17,8413213238412084820655
60406978,2024-09-06 15:11:48,8413213238412084820655
60416978,2024-09-06 19:44:43,8413213238412084820655
60426978,2024-09-07 00:18:03,8413213238412084820655
60436978,2024-09-07 04:52:11,8413213238412084820655
60446978,2024-09-07 09:32:51,8413213238412084820655
60456978,2024-09-07 14:03:35,8413213238412084820655
60466978,2024-09-07 18:33:20,8413213238412084820655
60476978,2024-09-07 23:03:13,8413213238412084820655
60486978,2024-09-08 03:34:49,8413213238412084820655
60496978,2024-09-08 08:05:01,8413213238412084820655
60506978,2024-09-08 12:34:48,8413213238412084820655
60516978,2024-09-08 17:07:49,8413213238412084820655
60526978,2024-09-08 21:40:12,8413213238412084820655
60536978,2024-09-09 02:11:24,8413213238412084820655
60546978,2024-09-09 06:44:08,8413213238412084820655
60556978,2024-09-09 11:15:13,8413213238412084820655
60566978,2024-09-09 15:45:59,8413213238412084820655
60576978,2024-09-09 20:17:09,8413213238412084820655
60586978,2024-09-10 00:49:24,8413213238412084820655
60596978,2024-09-10 05:20:44,8413213238412084820655
60606978,2024-09-10 09:50:32,8413213238412084820655
60616978,2024-09-10 14:21:56,8413213238412084820655
60626978,2024-09-10 18:54:57,8413213238412084820655
60636978,2024-09-10 23:24:35,8413213238412084820655
60646978,2024-09-11 03:55:44,8413213238412084820655
60656978,2024-09-11 08:24:29,8413213238412084820655
60666978,2024-09-11 12:54:40,8413213238412084820655
60676978,2024-09-11 17:26:49,8413213238412084820655
60686978,2024-09-11 21:57:24,8413213238412084820655
60696978,2024-09-12 02:28:03,8413213238412084820655
60706978,2024-09-12 07:00:51,8413213238412084820655
60716978,2024-09-12 11:31:27,8413213238412084820655
60726978,2024-09-12 16:02:02,8413213238412084820655
60736978,2024-09-12 20:31:25,8413213238412084820655
60746978,2024-09-13 01:00:48,8413213238412084820655
60756978,2024-09-13 05:31:31,8413213238412084820655
60766978,2024-09-13 10:01:02,8413213238412084820655
60776978,2024-09-13 14:33:29,8413213238412084820655
60786978,2024-09-13 19:04:23,8413213238412084820655
60796978,2024-09-13 23:37:41,8413213238412084820655
60806978,2024-09-14 04:10:29,8413213238412084820655
60816978,2024-09-14 08:43:03,8413213238412084820655
60826978,2024-09-14 13:14:36,8413213238412084820655
60836978,2024-09-14 17:52:23,8413213238412084820655
60846978,2024-09-14 22:21:09,8413213238412084820655
60856978,2024-09-15 02:59:05,8413213238412084820655
60866978,2024-09-15 07:28:28,8413213238412084820655
60876978,2024-09-15 11:57:46,8413213238412084820655
60886978,2024-09-15 16:28:06,8413213238412084820655
60896978,2024-09-15 20:57:04,8413213238412084820655
60906978,2024-09-16 01:28:27,8413213238412084820655
60916978,2024-09-16 05:58:52,8413213238412084820655
60926978,2024-09-16 10:34:17,8413213238412084820655
60936978,2024-09-16 15:04:54,8413213238412084820655
60946978,2024-09-16 19:35:00,8413213238412084820655
60956978,2024-09-17 00:03:55,8413213238412084820655
60966978,2024-09-17 04:32:41,8413213238412084820655
60976978,2024-09-17 09:02:16,8413213238412084820655
60986978,2024-09-17 13:30:23,8413213238412084820655
60996978,2024-09-17 18:01:42,8413213238412084820655
61006978,2024-09-17 22:31:15,8413213238412084820655
61016978,2024-09-18 03:00:31,8413213238412084820655
61026978,2024-09-18 07:30:02,8413213238412084820655
61036978,2024-09-18 12:08:14,8413213238412084820655
61046978,2024-09-18 16:41:14,8413213238412084820655
61056978,2024-09-18 21:21:45,8413213238412084820655
61066978,2024-09-19 01:55:51,8413213238412084820655
61076978,2024-09-19 06:27:51,8413213238412084820655
61086978,2024-09-19 10:59:16,8413213238412084820655
61096978,2024-09-19 15:31:02,8413213238412084820655
61106978,2024-09-19 20:01:14,8413213238412084820655
61116978,2024-09-20 01:03:08,8413213238412084820655
61126978,2024-09-20 05:51:37,8413213238412084820655
61136978,2024-09-20 10:34:57,8413213238412084820655
61146978,2024-09-20 15:09:51,8413213238412084820655
61156978,2024-09-20 19:40:21,8413213238412084820655
61166978,2024-09-21 00:11:13,8413213238412084820655
61176978,2024-09-21 04:41:51,8413213238412084820655
61186978,2024-09-21 09:14:43,8413213238412084820655
61196978,2024-09-21 13:45:30,8413213238412084820655
61206978,2024-09-21 18:15:55,8413213238412084820655
61216978,2024-09-21 22:46:09,8413213238412084820655
61226978,2024-09-22 03:18:05,8413213238412084820655
61236978,2024-09-22 07:51:00,8413213238412084820655
61246978,2024-09-22 12:17:58,8413213238412084820655
61256978,2024-09-22 16:47:32,8413213238412084820655
61266978,2024-09-22 21:14:22,8413213238412084820655
61276978,2024-09-23 01:41:36,8413213238412084820655
61286978,2024-09-23 06:13:08,8413213238412084820655
61296978,2024-09-23 10:44:46,8413213238412084820655
61306978,2024-09-23 15:16:20,8413213238412084820655
61316978,2024-09-23 19:47:18,8413213238412084820655
61326978,2024-09-24 00:23:46,8413213238412084820655
61336978,2024-09-24 04:53:39,8413213238412084820655
61346978,2024-09-24 09:20:12,8413213238412084820655
61356978,2024-09-24 14:05:09,8413213238412084820655
61366978,2024-09-24 18:35:31,8413213238412084820655
61376978,2024-09-24 23:12:23,8413213238412084820655
61386978,2024-09-25 03:49:18,8413213238412084820655
61396978,2024-09-25 08:59:32,8413213238412084820655
61406978,2024-09-25 14:10:51,8413213238412084820655
61416978,2024-09-25 18:52:24,8413213238412084820655
61426978,2024-09-25 23:41:23,8413213238412084820655
61436978,2024-09-26 04:23:59,8413213238412084820655
61446978,2024-09-26 09:11:00,8413213238412084820655
61456978,2024-09-26 13:47:27,8413213238412084820655
61466978,2024-09-26 18:25:06,8413213238412084820655
61476978,2024-09-26 22:55:40,8413213238412084820655
61486978,2024-09-27 03:25:55,8413213238412084820655
61496978,2024-09-27 07:56:04,8413213238412084820655
61506978,2024-09-27 12:25:54,8413213238412084820655
61516978,2024-09-27 16:57:16,8413213238412084820655
61526978,2024-09-27 21:27:38,8413213238412084820655
61536978,2024-09-28 02:01:39,8413213238412084820655
61546978,2024-09-28 06:38:16,8413213238412084820655
61556978,2024-09-28 11:07:56,8413213238412084820655
61566978,2024-09-28 15:35:58,8413213238412084820655
61576978,2024-09-28 20:12:52,8413213238412084820655
61586978,2024-09-29 00:51:05,8413213238412084820655
61596978,2024-09-29 05:23:13,8413213238412084820655
61606978,2024-09-29 09:54:23,8413213238412084820655
61616978,2024-09-29 14:24:58,8413213238412084820655
61626978,2024-09-29 18:53:28,8413213238412084820655
61636978,2024-09-29 23:22:37,8413213238412084820655
61646978,2024-09-30 03:50:30,8413213238412084820655
61656978,2024-09-30 08:19:50,8413213238412084820655
61666978,2024-09-30 12:50:27,8413213238412084820655
61676978,2024-09-30 17:25:26,8413213238412084820655
61686978,2024-09-30 21:53:05,8413213238412084820655
61696978,2024-10-01 02:27:47,8413213238412084820655
61706978,2024-10-01 06:55:13,8413213238412084820655
61716978,2024-10-01 11:20:31,8413213238412084820655
61726978,2024-10-01 15:47:04,8413213238412084820655
61736978,2024-10-01 20:14:19,8413213238412084820655
61746978,2024-10-02 00:45:00,8413213238412084820655
61756978,2024-10-02 05:14:50,8413213238412084820655
61766978,2024-10-02 09:41:43,8413213238412084820655
61776978,2024-10-02 14:11:43,8413213238412084820655
61786978,2024-10-02 18:39:59,8413213238412084820655
61796978,2024-10-02 23:08:31,8413213238412084820655
61806978,2024-10-03 03:43:25,8413213238412084820655
61816978,2024-10-03 08:09:33,8413213238412084820655
61826978,2024-10-03 12:37:05,8413213238412084820655
61836978,2024-10-03 17:04:45,8413213238412084820655
61846978,2024-10-03 21:31:36,8413213238412084820655
61856978,2024-10-04 02:03:17,8413213238412084820655
61866978,2024-10-04 06:31:14,8413213238412084820655
61876978,2024-10-04 10:58:32,8413213238412084820655
61886978,2024-10-04 15:25:53,8413213238412084820655
61896978,2024-10-04 19:54:05,8413213238412084820655
61906978,2024-10-05 00:24:31,8413213238412084820655
61916978,2024-10-05 04:56:02,8413213238412084820655
61926978,2024-10-05 09:27:05,8413213238412084820655
61936978,2024-10-05 14:00:33,8413213238412084820655
61946978,2024-10-05 18:38:25,8413213238412084820655
61956978,2024-10-05 23:11:22,8413213238412084820655
61966978,2024-10-06 03:43:59,8413213238412084820655
61976978,2024-10-06 08:15:09,8413213238412084820655
61986978,2024-10-06 13:00:11,8413213238412084820655
61996978,2024-10-06 17:35:39,8413213238412084820655
62006978,2024-10-06 22:09:45,8413213238412084820655
62016978,2024-10-07 02:46:06,8413213238412084820655
62026978,2024-10-07 07:19:21,8413213238412084820655
62036978,2024-10-07 11:50:14,8413213238412084820655
62046978,2024-10-07 16:20:58,8413213238412084820655
62056978,2024-10-07 20:49:14,8413213238412084820655
62066978,2024-10-08 01:18:12,8413213238412084820655
62076978,2024-10-08 05:49:45,8413213238412084820655
62086978,2024-10-08 10:21:04,8413213238412084820655
62096978,2024-10-08 14:55:13,8413213238412084820655
62106978,2024-10-08 19:29:05,8413213238412084820655
62116978,2024-10-09 00:03:23,8413213238412084820655
62126978,2024-10-09 04:38:07,8413213238412084820655
62136978,2024-10-09 09:09:35,8413213238412084820655
62146978,2024-10-09 13:41:42,8413213238412084820655
62156978,2024-10-09 18:15:13,8413213238412084820655
62166978,2024-10-09 22:47:54,8413213238412084820655
62176978,2024-10-10 03:23:46,8413213238412084820655
62186978,2024-10-10 07:54:32,8413213238412084820655
62196978,2024-10-10 12:25:41,8413213238412084820655
62206978,2024-10-10 16:57:33,8413213238412084820655
62216978,2024-10-10 21:38:03,8413213238412084820655
62226978,2024-10-11 02:09:39,8413213238412084820655
62236978,2024-10-11 06:48:18,8413213238412084820655
62246978,2024-10-11 11:18:14,8413213238412084820655
62256978,2024-10-11 15:48:18,8413213238412084820655
62266978,2024-10-11 20:17:09,8413213238412084820655
62276978,2024-10-12 00:46:50,8413213238412084820655
62286978,2024-10-12 05:17:37,8413213238412084820655
62296978,2024-10-12 09:53:58,8413213238412084820655
62306978,2024-10-12 14:23:12,8413213238412084820655
62316978,2024-10-12 18:52:25,8413213238412084820655
62326978,2024-10-12 23:22:41,8413213238412084820655
62336978,2024-10-13 03:52:23,8413213238412084820655
62346978,2024-10-13 08:21:14,8413213238412084820655
62356978,2024-10-13 12:50:41,8413213238412084820655
62366978,2024-10-13 17:20:50,8413213238412084820655
62376978,2024-10-13 21:49:29,8413213238412084820655
62386978,2024-10-14 02:18:24,8413213238412084820655
62396978,2024-10-14 06:48:51,8413213238412084820655
62406978,2024-10-14 11:20:33,8413213238412084820655
62416978,2024-10-14 15:52:39,8413213238412084820655
62426978,2024-10-14 20:24:05,8413213238412084820655
62436978,2024-10-15 01:02:00,8413213238412084820655
62446978,2024-10-15 05:33:42,8413213238412084820655
62456978,2024-10-15 10:11:24,8413213238412084820655
62466978,2024-10-15 14:41:54,8413213238412084820655
62476978,2024-10-15 19:11:52,8413213238412084820655
62486978,2024-10-15 23:39:38,8413213238412084820655
62496978,2024-10-16 04:06:35,8413213238412084820655
62506978,2024-10-16 08:33:18,8413213238412084820655
62516978,2024-10-16 13:24:45,8413213238412084820655
62526978,2024-10-16 18:04:10,8413213238412084820655
62536978,2024-10-16 22:38:14,8413213238412084820655
62546978,2024-10-17 03:28:52,8413213238412084820655
62556978,2024-10-17 08:15:39,8413213238412084820655
62566978,2024-10-17 12:47:31,8413213238412084820655
62576978,2024-10-17 17:18:47,8413213238412084820655
62586978,2024-10-17 21:48:59,8413213238412084820655
62596978,2024-10-18 02:20:54,8413213238412084820655
62606978,2024-10-18 06:51:15,8413213238412084820655
62616978,2024-10-18 11:22:34,8413213238412084820655
62626978,2024-10-18 15:53:45,8413213238412084820655
62636978,2024-10-18 20:23:30,8413213238412084820655
62646978,2024-10-19 00:54:15,8413213238412084820655
62656978,2024-10-19 05:25:39,8413213238412084820655
62666978,2024-10-19 10:00:13,8413213238412084820655
62676978,2024-10-19 14:33:31,8413213238412084820655
62686978,2024-10-19 19:00:36,8413213238412084820655
62696978,2024-10-19 23:28:37,8413213238412084820655
62706978,2024-10-20 04:22:49,8413213238412084820655
62716978,2024-10-20 08:54:42,8413213238412084820655
62726978,2024-10-20 13:22:22,8413213238412084820655
62736978,2024-10-20 17:52:24,8413213238412084820655
62746978,2024-10-20 22:24:34,8413213238412084820655
62756978,2024-10-21 02:51:10,8413213238412084820655
62766978,2024-10-21 07:18:24,8413213238412084820655
62776978,2024-10-21 11:47:46,8413213238412084820655
62786978,2024-10-21 16:16:00,8413213238412084820655
62796978,2024-10-21 20:43:33,8413213238412084820655
62806978,2024-10-22 01:13:19,8413213238412084820655
62816978,2024-10-22 05:43:54,8413213238412084820655
62826978,2024-10-22 10:13:17,8413213238412084820655
62836978,2024-10-22 14:42:27,8413213238412084820655
62846978,2024-10-22 19:10:32,8413213238412084820655
62856978,2024-10-22 23:39:11,8413213238412084820655
62866978,2024-10-23 04:08:20,8413213238412084820655
62876978,2024-10-23 08:37:19,8413213238412084820655
62886978,2024-10-23 13:12:07,8413213238412084820655
62896978,2024-10-23 17:43:30,8413213238412084820655
62906978,2024-10-23 22:20:46,8413213238412084820655
62916978,2024-10-24 02:55:37,8413213238412084820655
62926978,2024-10-24 07:43:14,8413213238412084820655
62936978,2024-10-24 12:26:08,8413213238412084820655
62946978,2024-10-24 17:11:15,8413213238412084820655
62956978,2024-10-24 21:53:33,8413213238412084820655
62966978,2024-10-25 02:24:15,8413213238412084820655
62976978,2024-10-25 06:52:33,8413213238412084820655
62986978,2024-10-25 11:20:17,8413213238412084820655
62996978,2024-10-25 15:48:05,8413213238412084820655
63006978,2024-10-25 20:16:35,8413213238412084820655
63016978,2024-10-26 00:43:34,8413213238412084820655
63026978,2024-10-26 05:12:50,8413213238412084820655
63036978,2024-10-26 09:50:17,8413213238412084820655
63046978,2024-10-26 14:17:08,8413213238412084820655
63056978,2024-10-26 18:43:00,8413213238412084820655
63066978,2024-10-26 23:09:11,8413213238412084820655
63076978,2024-10-27 03:40:01,8413213238412084820655
63086978,2024-10-27 08:08:38,8413213238412084820655
63096978,2024-10-27 12:54:39,8413213238412084820655
63106978,2024-10-27 17:45:06,8413213238412084820655
63116978,2024-10-27 22:37:57,8413213238412084820655
63126978,2024-10-28 03:26:52,8413213238412084820655
63136978,2024-10-28 07:56:45,8413213238412084820655
63146978,2024-10-28 12:42:43,8413213238412084820655
63156978,2024-10-28 17:33:26,8413213238412084820655
63166978,2024-10-28 22:23:38,8413213238412084820655
63176978,2024-10-29 03:15:19,8413213238412084820655
63186978,2024-10-29 07:46:08,8413213238412084820655
63196978,2024-10-29 12:14:50,8413213238412084820655
63206978,2024-10-29 16:43:05,8413213238412084820655
63216978,2024-10-29 21:10:29,8413213238412084820655
63226978,2024-10-30 01:39:33,8413213238412084820655
63236978,2024-10-30 06:16:44,8413213238412084820655
63246978,2024-10-30 10:42:18,8413213238412084820655
63256978,2024-10-30 15:12:14,8413214378510717292825
63266978,2024-10-30 19:38:22,8413214378510717292825
63276978,2024-10-31 00:05:16,8413214378510717292825
63286978,2024-10-31 04:32:36,8413214378510717292825
63296978,2024-10-31 08:58:08,8413214378510717292825
63306978,2024-10-31 13:25:15,8413214378510717292825
63316978,2024-10-31 17:53:24,8413214378510717292825
63326978,2024-10-31 22:22:43,8413214378510717292825
63336978,2024-11-01 03:14:05,8413214378510717292825
63346978,2024-11-01 08:03:33,8413214378510717292825
63356978,2024-11-01 12:49:43,8413214378510717292825
63366978,2024-11-01 17:17:35,8413214378510717292825
63376978,2024-11-01 21:42:53,8413214378510717292825
63386978,2024-11-02 02:09:04,8413214378510717292825
63396978,2024-11-02 06:36:10,8413214378510717292825
63406978,2024-11-02 11:03:44,8413214378510717292825
63416978,2024-11-02 15:35:09,8413214378510717292825
63426978,2024-11-02 20:18:27,8413214378510717292825
63436978,2024-11-03 01:05:06,8413214378510717292825
63446978,2024-11-03 05:49:51,8413214378510717292825
63456978,2024-11-03 10:14:26,8413214378510717292825
63466978,2024-11-03 14:45:26,8413214378510717292825
63476978,2024-11-03 19:15:23,8413214378510717292825
63486978,2024-11-03 23:44:00,8413214378510717292825
63496978,2024-11-04 04:15:03,8413214378510717292825
63506978,2024-11-04 08:45:17,8413214378510717292825
63516978,2024-11-04 13:14:03,8413214378510717292825
63526978,2024-11-04 17:43:10,8413214378510717292825
63536978,2024-11-04 22:12:05,8413214378510717292825
63546978,2024-11-05 02:43:14,8413214378510717292825
63556978,2024-11-05 07:18:05,8413214378510717292825
63566978,2024-11-05 11:44:43,8413214378510717292825
63576978,2024-11-05 16:12:34,8413214378510717292825
63586978,2024-11-05 20:41:50,8413214378510717292825
63596978,2024-11-06 01:10:32,8413214378510717292825
63606978,2024-11-06 05:37:16,8413214378510717292825
63616978,2024-11-06 10:05:17,8413214378510717292825
63626978,2024-11-06 14:32:00,8413214378510717292825
63636978,2024-11-06 18:58:09,8413214378510717292825
63646978,2024-11-06 23:24:52,8413214378510717292825
63656978,2024-11-07 03:52:28,8413214378510717292825
63666978,2024-11-07 08:20:28,8413214378510717292825
63676978,2024-11-07 12:46:44,8413214378510717292825
63686978,2024-11-07 17:12:39,8413214378510717292825
63696978,2024-11-07 21:40:22,8413214378510717292825
63706978,2024-11-08 02:10:41,8413214378510717292825
63716978,2024-11-08 06:41:34,8413214378510717292825
63726978,2024-11-08 11:08:49,8413214378510717292825
63736978,2024-11-08 15:56:16,8413214378510717292825
63746978,2024-11-08 20:28:33,8413214378510717292825
63756978,2024-11-09 00:53:19,8413214378510717292825
63766978,2024-11-09 05:18:10,8413214378510717292825
63776978,2024-11-09 09:43:28,8413214378510717292825
63786978,2024-11-09 14:07:57,8413214378510717292825
63796978,2024-11-09 18:34:00,8413214378510717292825
63806978,2024-11-09 22:59:20,8413214378510717292825
63816978,2024-11-10 03:32:54,8413214378510717292825
63826978,2024-11-10 08:22:55,8413214378510717292825
63836978,2024-11-10 13:11:24,8413214378510717292825
63846978,2024-11-10 18:01:59,8413214378510717292825
63856978,2024-11-10 22:49:42,8413214378510717292825
63866978,2024-11-11 03:36:58,8413214378510717292825
63876978,2024-11-11 08:25:55,8413214378510717292825
63886978,2024-11-11 12:54:24,8413214378510717292825
63896978,2024-11-11 17:23:16,8413214378510717292825
63906978,2024-11-11 21:51:59,8413214378510717292825
63916978,2024-11-12 02:19:56,8413214378510717292825
63926978,2024-11-12 06:55:02,8413214378510717292825
63936978,2024-11-12 11:28:05,8413214378510717292825
63946978,2024-11-12 15:59:16,8413214378510717292825
63956978,2024-11-12 20:28:54,8413214378510717292825
63966978,2024-11-13 01:06:46,8413214378510717292825
63976978,2024-11-13 05:58:43,8413214378510717292825
63986978,2024-11-13 10:49:26,8413214378510717292825
63996978,2024-11-13 15:42:01,8413214378510717292825
64006978,2024-11-13 20:34:33,8413214378510717292825
64016978,2024-11-14 01:30:06,8413214378510717292825
64026978,2024-11-14 06:24:56,8413214378510717292825
64036978,2024-11-14 11:15:47,8413214378510717292825
64046978,2024-11-14 16:05:56,8413214378510717292825
64056978,2024-11-14 20:55:51,8413214378510717292825
64066978,2024-11-15 01:48:40,8413214378510717292825
64076978,2024-11-15 06:43:02,8413214378510717292825
64086978,2024-11-15 11:36:07,8413214378510717292825
64096978,2024-11-15 16:27:41,8413214378510717292825
64106978,2024-11-15 21:19:12,8413214378510717292825
64116978,2024-11-16 02:11:49,8413214378510717292825
64126978,2024-11-16 07:03:36,8413214378510717292825
64136978,2024-11-16 11:53:41,8413214378510717292825
64146978,2024-11-16 16:43:23,8413214378510717292825
64156978,2024-11-16 21:35:53,8413214378510717292825
64166978,2024-11-17 02:26:35,8413214378510717292825
64176978,2024-11-17 07:16:23,8413214378510717292825
64186978,2024-11-17 12:10:03,8413214378510717292825
64196978,2024-11-17 16:55:00,8413214378510717292825
64206978,2024-11-17 21:27:26,8413214378510717292825
64216978,2024-11-18 01:56:48,8413214378510717292825
64226978,2024-11-18 06:30:24,8413214378510717292825
64236978,2024-11-18 11:07:11,8413214378510717292825
64246978,2024-11-18 15:37:18,8413214378510717292825
64256978,2024-11-18 20:08:41,8413214378510717292825
64266978,2024-11-19 00:40:20,8413214378510717292825
64276978,2024-11-19 05:21:03,8413214378510717292825
64286978,2024-11-19 09:58:49,8413214378510717292825
64296978,2024-11-19 14:43:33,8413214378510717292825
64306978,2024-11-19 19:18:04,8413214378510717292825
64316978,2024-11-19 23:47:12,8413214378510717292825
64326978,2024-11-20 04:17:50,8413214378510717292825
64336978,2024-11-20 08:49:55,8413214378510717292825
64346978,2024-11-20 13:17:33,8413214378510717292825
64356978,2024-11-20 17:53:45,8413214378510717292825
64366978,2024-11-20 22:41:29,8413214378510717292825
64376978,2024-11-21 03:30:04,8413214378510717292825
64386978,2024-11-21 08:21:36,8413214378510717292825
64396978,2024-11-21 13:16:45,8413214378510717292825
64406978,2024-11-21 18:05:31,8413214378510717292825
64416978,2024-11-21 22:46:19,8413214378510717292825
64426978,2024-11-22 03:21:16,8413214378510717292825
64436978,2024-11-22 07:50:16,8413214378510717292825
64446978,2024-11-22 12:22:57,8413214378510717292825
64456978,2024-11-22 16:59:36,8413214378510717292825
64466978,2024-11-22 21:35:57,8413214378510717292825
64476978,2024-11-23 02:19:34,8413214378510717292825
64486978,2024-11-23 06:56:49,8413214378510717292825
64496978,2024-11-23 11:29:36,8413214378510717292825
64506978,2024-11-23 16:03:55,8413214378510717292825
64516978,2024-11-23 20:36:31,8413214378510717292825
64526978,2024-11-24 01:08:16,8413214378510717292825
64536978,2024-11-24 05:44:24,8413214378510717292825
64546978,2024-11-24 10:22:50,8413214378510717292825
64556978,2024-11-24 15:01:02,8413214378510717292825
64566978,2024-11-24 19:38:29,8413214378510717292825
64576978,2024-11-25 00:18:11,8413214378510717292825
64586978,2024-11-25 04:55:23,8413214378510717292825
64596978,2024-11-25 09:37:52,8413214378510717292825
64606978,2024-11-25 14:19:51,8413214378510717292825
64616978,2024-11-25 18:57:59,8413214378510717292825
64626978,2024-11-25 23:33:16,8413214378510717292825
64636978,2024-11-26 04:09:27,8413214378510717292825
64646978,2024-11-26 08:43:04,8413214378510717292825
64656978,2024-11-26 13:19:50,8413214378510717292825
64666978,2024-11-26 17:54:56,8413214378510717292825
64676978,2024-11-26 22:28:35,8413214378510717292825
64686978,2024-11-27 03:05:24,8413214378510717292825
64696978,2024-11-27 07:46:30,8413214378510717292825
64706978,2024-11-27 12:20:28,8413214378510717292825
64716978,2024-11-27 16:56:37,8413214378510717292825
64726978,2024-11-27 21:33:38,8413214378510717292825
64736978,2024-11-28 02:12:54,8413214378510717292825
64746978,2024-11-28 06:49:23,8413214378510717292825
64756978,2024-11-28 11:28:42,8413214378510717292825
64766978,2024-11-28 16:15:21,8413214378510717292825
64776978,2024-11-28 20:51:53,8413214378510717292825
64786978,2024-11-29 01:28:13,8413214378510717292825
64796978,2024-11-29 06:07:47,8413214378510717292825
64806978,2024-11-29 10:49:19,8413214378510717292825
64816978,2024-11-29 15:26:53,8413214378510717292825
64826978,2024-11-29 20:01:07,8413214378510717292825
64836978,2024-11-30 00:34:20,8413214378510717292825
64846978,2024-11-30 05:06:13,8413214378510717292825
64856978,2024-11-30 09:38:48,8413214378510717292825
64866978,2024-11-30 14:12:33,8413214378510717292825
64876978,2024-11-30 18:45:02,8413214378510717292825
64886978,2024-11-30 23:20:23,8413214378510717292825
64896978,2024-12-01 03:57:04,8413214378510717292825
64906978,2024-12-01 08:32:06,8413214378510717292825
64916978,2024-12-01 13:06:44,8413214378510717292825
64926978,2024-12-01 17:43:04,8413214378510717292825
64936978,2024-12-01 22:17:28,8413214378510717292825
64946978,2024-12-02 02:52:54,8413214378510717292825
64956978,2024-12-02 07:26:37,8413214378510717292825
64966978,2024-12-02 12:03:13,8413214378510717292825
64976978,2024-12-02 16:38:05,8413214378510717292825
64986978,2024-12-02 21:18:52,8413214378510717292825
64996978,2024-12-03 01:52:50,8429413716362849720641
65006978,2024-12-03 06:25:30,8429413716362849720641
65016978,2024-12-03 11:01:31,8429413716362849720641
65026978,2024-12-03 15:40:58,8429413716362849720641
65036978,2024-12-03 20:17:27,8429413716362849720641
65046978,2024-12-04 00:55:35,8429413716362849720641
65056978,2024-12-04 05:32:51,8429413716362849720641
65066978,2024-12-04 10:08:02,8429413716362849720641
65076978,2024-12-04 14:45:25,8429413716362849720641
65086978,2024-12-04 19:24:36,8429413716362849720641
65096978,2024-12-05 00:04:10,8429413716362849720641
65106978,2024-12-05 04:51:30,8429413716362849720641
65116978,2024-12-05 09:40:58,8429413716362849720641
65126978,2024-12-05 14:18:56,8429413716362849720641
65136978,2024-12-05 18:58:02,8429413716362849720641
65146978,2024-12-05 23:36:36,8429413716362849720641
65156978,2024-12-06 04:20:44,8429413716362849720641
65166978,2024-12-06 08:56:43,8429413716362849720641
65176978,2024-12-06 13:36:51,8429413716362849720641
65186978,2024-12-06 18:11:50,8429413716362849720641
65196978,2024-12-06 22:44:43,8429413716362849720641
65206978,2024-12-07 03:17:16,8429413716362849720641
65216978,2024-12-07 08:04:40,8429413716362849720641
65226978,2024-12-07 13:01:49,8429413716362849720641
65236978,2024-12-07 18:01:05,8429413716362849720641
65246978,2024-12-07 22:56:42,8429413716362849720641
65256978,2024-12-08 03:52:30,8429413716362849720641
65266978,2024-12-08 08:49:32,8429413716362849720641
65276978,2024-12-08 13:50:52,8429413716362849720641
65286978,2024-12-08 18:47:23,8429413716362849720641
65296978,2024-12-08 23:43:16,8429413716362849720641
65306978,2024-12-09 04:23:08,8429413716362849720641
65316978,2024-12-09 08:55:32,8429413716362849720641
65326978,2024-12-09 13:30:08,8429413716362849720641
65336978,2024-12-09 18:08:48,8429413716362849720641
65346978,2024-12-09 22:49:25,8429413716362849720641
65356978,2024-12-10 03:31:13,8429413716362849720641
65366978,2024-12-10 08:09:23,8429413716362849720641
65376978,2024-12-10 13:04:49,8429413716362849720641
65386978,2024-12-10 17:49:16,8429413716362849720641
65396978,2024-12-10 22:38:26,8429413716362849720641
65406978,2024-12-11 03:19:48,8429413716362849720641
65416978,2024-12-11 08:02:40,8429413716362849720641
65426978,2024-12-11 13:18:14,8429413716362849720641
65436978,2024-12-11 18:09:30,8429413716362849720641
65446978,2024-12-11 22:55:33,8429413716362849720641
65456978,2024-12-12 03:42:40,8429413716362849720641
65466978,2024-12-12 08:28:33,8429413716362849720641
65476978,2024-12-12 13:16:50,8429413716362849720641
65486978,2024-12-12 18:08:25,8429413716362849720641
65496978,2024-12-12 23:04:58,8429413716362849720641
65506978,2024-12-13 04:01:31,8429413716362849720641
65516978,2024-12-13 08:56:18,8429413716362849720641
65526978,2024-12-13 13:45:22,8429413716362849720641
65536978,2024-12-13 18:41:46,8429413716362849720641
65546978,2024-12-13 23:30:15,8429413716362849720641
65556978,2024-12-14 04:21:02,8429413716362849720641
65566978,2024-12-14 09:19:42,8429413716362849720641
65576978,2024-12-14 14:06:52,8429413716362849720641
65586978,2024-12-14 18:54:16,8429413716362849720641
65596978,2024-12-14 23:41:22,8429413716362849720641
65606978,2024-12-15 04:28:51,8429413716362849720641
65616978,2024-12-15 09:16:39,8429413716362849720641
65626978,2024-12-15 14:02:10,8429413716362849720641
65636978,2024-12-15 18:51:12,8429413716362849720641
65646978,2024-12-15 23:45:18,8429413716362849720641
65656978,2024-12-16 04:40:00,8429413716362849720641
65666978,2024-12-16 09:33:52,8429413716362849720641
65676978,2024-12-16 14:32:03,8429413716362849720641
65686978,2024-12-16 19:29:12,8429413716362849720641
65696978,2024-12-17 00:26:12,8429413716362849720641
65706978,2024-12-17 05:16:12,8429413716362849720641
65716978,2024-12-17 10:11:03,8429413716362849720641
65726978,2024-12-17 15:06:29,8429413716362849720641
65736978,2024-12-17 20:12:32,8429413716362849720641
65746978,2024-12-18 01:06:53,8429413716362849720641
65756978,2024-12-18 06:03:38,8429413716362849720641
65766978,2024-12-18 10:57:05,8429413716362849720641
65776978,2024-12-18 15:52:13,8429413716362849720641
65786978,2024-12-18 20:49:06,8429413716362849720641
65796978,2024-12-19 01:42:26,8429413716362849720641
65806978,2024-12-19 06:35:18,8429413716362849720641
65816978,2024-12-19 11:32:42,8429413716362849720641
65826978,2024-12-19 16:24:28,8429413716362849720641
65836978,2024-12-19 21:16:34,8429413716362849720641
65846978,2024-12-20 02:10:06,8429413716362849720641
65856978,2024-12-20 07:03:04,8429413716362849720641
65866978,2024-12-20 11:54:46,8429413716362849720641
65876978,2024-12-20 16:39:03,8429413716362849720641
65886978,2024-12-20 21:22:39,8429413716362849720641
65896978,2024-12-21 02:07:51,8429413716362849720641
65906978,2024-12-21 06:52:10,8429413716362849720641
65916978,2024-12-21 11:36:52,8429413716362849720641
65926978,2024-12-21 16:21:02,8429413716362849720641
65936978,2024-12-21 21:08:40,8429413716362849720641
65946978,2024-12-22 02:07:10,8429413716362849720641
65956978,2024-12-22 06:54:42,8429413716362849720641
65966978,2024-12-22 11:42:54,8429413716362849720641
65976978,2024-12-22 16:31:45,8429413716362849720641
65986978,2024-12-22 21:22:10,8429413716362849720641
65996978,2024-12-23 02:11:15,8429413716362849720641
66006978,2024-12-23 07:02:00,8429413716362849720641
66016978,2024-12-23 11:56:08,8429413716362849720641
66026978,2024-12-23 16:46:41,8429413716362849720641
66036978,2024-12-23 21:34:55,8429413716362849720641
66046978,2024-12-24 02:21:10,8429413716362849720641
66056978,2024-12-24 07:07:35,8429413716362849720641
66066978,2024-12-24 11:55:05,8429413716362849720641
66076978,2024-12-24 16:46:26,8429413716362849720641
66086978,2024-12-24 21:38:30,8429413716362849720641
66096978,2024-12-25 02:30:02,8429413716362849720641
66106978,2024-12-25 07:18:19,8429413716362849720641
66116978,2024-12-25 12:09:46,8429413716362849720641
66126978,2024-12-25 17:02:02,8429413716362849720641
66136978,2024-12-25 21:56:31,8429413716362849720641
66146978,2024-12-26 02:48:44,8429413716362849720641
66156978,2024-12-26 07:41:08,8429413716362849720641
66166978,2024-12-26 12:31:22,8429413716362849720641
66176978,2024-12-26 17:22:28,8429413716362849720641
66186978,2024-12-26 22:15:28,8429413716362849720641
66196978,2024-12-27 03:03:58,8429413716362849720641
66206978,2024-12-27 07:55:26,8429413716362849720641
66216978,2024-12-27 12:51:24,8429413716362849720641
66226978,2024-12-27 17:42:47,8429413716362849720641
66236978,2024-12-27 22:36:12,8429413716362849720641
66246978,2024-12-28 03:29:49,8429413716362849720641
66256978,2024-12-28 08:35:10,8429413716362849720641
66266978,2024-12-28 13:29:10,8429413716362849720641
66276978,2024-12-28 18:20:08,8429413716362849720641
66286978,2024-12-28 23:12:50,8429413716362849720641
66296978,2024-12-29 04:04:56,8429413716362849720641
66306978,2024-12-29 08:52:43,8429413716362849720641
66316978,2024-12-29 13:42:27,8429413716362849720641
66326978,2024-12-29 18:33:42,8429413716362849720641
66336978,2024-12-29 23:25:23,8429413716362849720641
66346978,2024-12-30 04:20:39,8429413716362849720641
66356978,2024-12-30 09:10:51,8429413716362849720641
66366978,2024-12-30 14:03:22,8429413716362849720641
66376978,2024-12-30 19:00:39,8429413716362849720641
66386978,2024-12-30 23:52:19,8429413716362849720641
66396978,2024-12-31 04:43:14,8429413716362849720641
66406978,2024-12-31 09:35:22,8429413716362849720641
66416978,2024-12-31 14:26:56,8429413716362849720641
66426978,2024-12-31 19:21:51,8429413716362849720641
66436978,2025-01-01 00:11:51,8429413716362849720641
66446978,2025-01-01 05:01:22,8429413716362849720641
66456978,2025-01-01 09:54:25,8429413716362849720641
66466978,2025-01-01 14:46:52,8429413716362849720641
66476978,2025-01-01 19:39:47,8429413716362849720641
66486978,2025-01-02 00:32:10,8429413716362849720641
66496978,2025-01-02 05:25:46,8429413716362849720641
66506978,2025-01-02 10:22:56,8429413716362849720641
66516978,2025-01-02 15:16:53,8429413716362849720641
66526978,2025-01-02 20:11:43,8429413716362849720641
66536978,2025-01-03 01:04:55,8429413716362849720641
66546978,2025-01-03 05:55:31,8429413716362849720641
66556978,2025-01-03 10:47:16,8429413716362849720641
66566978,2025-01-03 15:39:59,8429413716362849720641
66576978,2025-01-03 20:35:01,8429413716362849720641
66586978,2025-01-04 01:29:49,8429413716362849720641
66595333,2025-01-04 05:33:58,8429413716362849720641
66596669,2025-01-04 06:13:31,8429413716362849720641
66596882,2025-01-04 06:19:52,8429413716362849720641
