date_time,total_cum_usd
2024-01-24 04:53:13,357.1390709758711
2024-01-24 18:46:48,357.77438874657093
2024-01-25 08:40:10,357.7971951114973
2024-01-25 22:34:36,357.973720412101
2024-01-26 12:28:07,357.973720412101
2024-01-27 02:21:32,359.6755195752005
2024-01-27 16:14:56,361.01848790542334
2024-01-28 06:08:18,362.5157585930896
2024-01-28 20:01:40,364.6414320936451
2024-01-29 09:55:00,367.08657123535886
2024-01-29 23:48:24,371.4160669542889
2024-01-30 13:41:47,374.4295447690764
2024-01-31 03:35:17,375.82541202026715
2024-01-31 17:28:38,381.4036867374655
2024-02-01 07:22:00,383.610165669389
2024-02-01 21:15:23,388.1544405592272
2024-02-02 11:09:24,390.94925523953805
2024-02-03 01:02:54,394.6068047914225
2024-02-03 14:56:25,398.38644713441136
2024-02-04 04:49:46,399.7607773531227
2024-02-04 18:43:08,402.63186773322303
2024-02-05 08:36:36,405.65264915311724
2024-02-05 22:29:59,410.05204227831575
2024-02-06 12:23:25,413.10250581025485
2024-02-07 02:16:52,415.5812013444565
2024-02-07 16:10:25,419.1675766174395
2024-02-08 06:03:56,422.3148316416642
2024-02-08 19:57:16,424.2122213931716
2024-02-09 09:50:37,428.07412772629874
2024-02-09 23:43:57,429.78650724866975
2024-02-10 13:37:18,435.9378224606947
2024-02-11 03:30:56,450.22851190325304
2024-02-11 17:24:42,454.6859244462177
2024-02-12 07:20:17,456.7691669867566
2024-02-12 21:13:42,462.4379670415451
2024-02-13 11:07:03,464.17706065100634
2024-02-14 01:00:42,472.4282287244491
2024-02-14 14:54:21,477.08717138892774
2024-02-15 04:47:44,478.9753159867068
2024-02-15 18:41:06,483.82737591015757
2024-02-16 08:34:27,488.4338263043595
2024-02-16 22:28:02,496.5164711275355
2024-02-17 12:21:28,500.74730460906346
2024-02-18 02:14:48,504.22602880009975
2024-02-18 16:08:09,510.8220585876445
2024-02-19 06:01:31,517.3102030192628
2024-02-19 19:54:52,524.222075220298
2024-02-20 09:48:12,530.2202186410343
2024-02-20 23:41:34,536.4416968263694
2024-02-21 13:41:13,543.035771863225
2024-02-22 03:34:37,547.8492424574043
2024-02-22 17:28:00,555.3280384620753
2024-02-23 07:21:23,560.0953795991941
2024-02-23 21:14:47,566.2456817862604
2024-02-24 11:13:59,570.8593971900731
2024-02-25 01:07:20,581.2635586678904
2024-02-25 15:00:41,589.8704271583915
2024-02-26 04:54:11,594.765081095808
2024-02-26 18:47:33,604.1624082827251
2024-02-27 08:41:25,609.8669363007565
2024-02-27 22:34:54,619.1688528539239
2024-02-28 12:28:36,626.5510818860222
2024-02-29 02:22:45,633.7839356789027
2024-02-29 16:16:06,645.5740777349637
2024-03-01 06:09:33,650.8787023177705
2024-03-01 20:06:36,660.7691943379785
2024-03-02 10:01:44,664.8337587037133
2024-03-02 23:55:28,678.6887473649379
2024-03-03 13:50:04,684.9265218504313
2024-03-04 03:43:31,694.2804952473879
2024-03-04 17:38:37,704.9334030329669
2024-03-05 07:35:39,713.4814920898646
2024-03-05 21:29:06,724.2484994468865
2024-03-06 11:22:27,732.7513579862793
2024-03-07 01:15:48,742.0217497137434
2024-03-07 15:09:08,754.302365750772
2024-03-08 05:02:47,764.2050614304081
2024-03-08 18:56:08,774.3274034042886
2024-03-09 08:49:38,783.8698899125849
2024-03-09 22:43:44,787.502688482357
2024-03-10 01:46:18,787.502688482357
2024-03-10 12:37:04,794.6258080417167
2024-03-10 14:09:05,794.6258080417167
2024-03-11 02:30:27,814.6231337220075
2024-03-11 02:33:40,814.6231337220075
2024-03-11 14:53:03,814.6231337220075
2024-03-11 16:23:52,823.8131875680021
2024-03-12 03:43:20,823.8131875680021
2024-03-12 06:17:13,838.8220841129827
2024-03-12 16:02:57,838.8220841129827
2024-03-12 20:10:34,850.2485827416756
2024-03-13 04:32:22,850.2485827416756
2024-03-13 10:03:54,859.5712473578122
2024-03-13 16:39:44,859.5712473578122
2024-03-13 23:57:18,872.3367676491242
2024-03-14 06:05:35,872.3367676491242
2024-03-14 13:50:40,886.6972805324339
2024-03-14 18:31:33,886.6972805324339
2024-03-15 03:44:54,894.033156621685
2024-03-15 06:41:39,894.033156621685
2024-03-15 17:42:28,901.6655945683783
2024-03-15 19:08:12,901.6655945683783
2024-03-16 07:14:40,901.6655945683783
2024-03-16 07:36:33,910.7510257556022
2024-03-16 19:10:05,910.7510257556022
2024-03-16 21:30:15,918.291632167436
2024-03-17 07:05:29,918.291632167436
2024-03-17 11:23:35,927.2316196649932
2024-03-17 19:13:55,927.2316196649932
2024-03-18 01:16:56,930.8092465703024
2024-03-18 07:09:47,930.8092465703024
2024-03-18 15:16:08,939.0619286589581
2024-03-18 19:10:37,939.0619286589581
2024-03-19 05:09:28,946.0596946740628
2024-03-19 07:06:36,946.0596946740628
2024-03-19 19:01:56,946.0596946740628
2024-03-19 19:03:32,955.3885604373055
2024-03-20 06:55:12,955.3885604373055
2024-03-20 08:57:02,958.5872807928594
2024-03-20 18:51:11,958.5872807928594
2024-03-20 22:50:29,970.5138121895628
2024-03-21 06:43:34,970.5138121895628
2024-03-21 12:43:51,977.1528668252339
2024-03-21 18:41:03,977.1541267419701
2024-03-22 02:37:13,983.5813688961352
2024-03-22 06:32:40,983.7484325338012
2024-03-22 16:36:28,999.6798972698191
2024-03-22 18:28:10,999.9584370292372
2024-03-23 06:22:05,1000.3307316622711
2024-03-23 06:29:49,1007.5291678156049
2024-03-23 18:22:58,1008.7859353863911
2024-03-23 20:23:10,1022.0230218879325
2024-03-24 06:12:54,1022.4870794462843
2024-03-24 10:16:30,1032.8568240472796
2024-03-24 18:04:35,1033.0122901660905
2024-03-25 00:10:00,1039.5245644157362
2024-03-25 05:54:34,1040.4782120639245
2024-03-25 14:03:52,1052.7413777121355
2024-03-25 17:44:33,1053.0867232230044
2024-03-26 03:57:12,1058.2692905912686
2024-03-26 05:38:01,1058.26929059127
2024-03-26 17:33:19,1060.101800143051
2024-03-26 17:50:33,1069.2812885583378
2024-03-27 05:28:51,1070.2353900509625
2024-03-27 07:43:54,1077.1330979878323
2024-03-27 17:25:45,1078.120008246824
2024-03-27 21:37:14,1094.7682719190225
2024-03-28 05:20:48,1094.7682719190225
2024-03-28 11:30:35,1104.952879167349
2024-03-28 17:09:53,1111.0557140406058
2024-03-29 01:23:56,1113.9365015636831
2024-03-29 04:58:10,1114.8070359789565
2024-03-29 15:17:18,1118.0474035793989
2024-03-29 16:47:00,1122.1320060301625
2024-03-30 04:36:49,1122.132006030163
2024-03-30 05:11:08,1125.7812824968016
2024-03-30 16:27:17,1126.3364360940743
2024-03-30 19:04:52,1130.308199599961
2024-03-31 04:18:26,1132.4579030623484
2024-03-31 08:58:15,1134.9897998243148
2024-03-31 16:26:58,1138.7445743682854
2024-03-31 22:51:39,1151.2434735363481
2024-04-01 04:24:08,1151.73192231184
2024-04-01 12:45:00,1156.3615739027596
2024-04-01 16:22:59,1157.9933974672479
2024-04-02 02:39:00,1167.069918035464
2024-04-02 04:25:12,1169.6248303809184
2024-04-02 16:21:54,1169.9823128562205
2024-04-02 16:32:22,1177.0749544552555
2024-04-03 04:20:43,1178.440468336245
2024-04-03 06:25:43,1180.7436966924538
2024-04-03 16:19:59,1180.7436966924538
2024-04-03 20:19:03,1193.7416054484775
2024-04-04 04:17:59,1195.1119913467658
2024-04-04 10:12:30,1205.518128900175
2024-04-04 16:18:34,1207.162899956368
2024-04-05 00:06:23,1213.2572573614534
2024-04-05 04:20:05,1213.2572573614534
2024-04-05 13:59:43,1225.7369859730527
2024-04-05 16:23:00,1226.4566907220108
2024-04-06 03:53:04,1233.8656246554756
2024-04-06 04:26:22,1233.865624655478
2024-04-06 04:47:05,1233.865624655478
2024-04-06 16:25:31,1236.955403796253
2024-04-06 17:46:26,2106.6276890432655
2024-04-07 04:20:18,2107.49495820649
2024-04-07 07:39:47,2114.4179088147857
2024-04-07 16:21:01,2115.333658683368
2024-04-07 21:33:08,2123.3305193261
2024-04-07 22:38:25,2123.489660295091
2024-04-08 04:20:18,2123.489660295091
2024-04-08 11:26:29,2129.4643855159193
2024-04-08 16:36:25,2142.5980075537873
2024-04-09 01:19:50,2148.2463979670897
2024-04-09 04:32:54,2149.147836104577
2024-04-09 15:13:11,2152.3683619249714
2024-04-09 16:29:43,2152.7465335462666
2024-04-09 16:43:00,2153.1919214522
2024-04-10 04:20:59,2153.1919214522013
2024-04-10 05:07:05,2153.5507419337
2024-04-10 16:16:48,2154.4850407905697
2024-04-10 19:00:43,2167.114895171287
2024-04-11 04:11:46,2169.894242716039
2024-04-11 08:54:44,2176.8880188597886
2024-04-11 11:22:15,3979.449570659875
2024-04-11 16:11:33,3979.912036144899
2024-04-11 22:48:05,3984.3039901324682
2024-04-12 04:05:16,3989.6370107403222
2024-04-12 12:41:26,3995.669356492341
2024-04-12 16:03:55,3998.247377742958
2024-04-13 02:34:47,4001.8137760549994
2024-04-13 03:58:45,4002.2921373562917
2024-04-13 05:09:30,4005.9419124176457
2024-04-13 15:51:34,4007.6974556484543
2024-04-13 16:28:07,4013.765946947084
2024-04-14 03:48:10,4014.944438645973
2024-04-14 06:27:17,4018.504813444272
2024-04-14 15:46:44,4021.088272531119
2024-04-14 20:20:37,4026.2904197985704
2024-04-14 23:30:55,4029.6030383960624
2024-04-15 03:50:42,4032.268145459233
2024-04-15 10:13:58,4035.492520818342
2024-04-15 15:56:04,4037.526391669874
2024-04-16 00:07:20,4040.0191393382493
2024-04-16 03:50:26,4040.8359924000324
2024-04-16 14:00:41,4044.002767155511
2024-04-16 15:56:34,4044.501402981876
2024-04-16 17:35:15,4046.7923329583496
2024-04-17 03:54:18,4050.1129495610458
2024-04-17 04:10:16,4050.1129495610467
2024-04-17 16:13:21,4051.644032010008
2024-04-17 17:47:38,4064.2206776563658
2024-04-18 04:25:40,4066.8841022626507
2024-04-18 07:41:02,4069.08865589483
2024-04-18 11:18:55,4072.498031599396
2024-04-18 16:52:31,4077.6414250903595
2024-04-18 21:34:24,4083.354530629115
2024-04-19 04:51:56,4084.9026407034244
2024-04-19 11:27:44,4091.6232439364767
2024-04-19 16:49:24,4093.5788734423472
2024-04-20 01:21:05,4099.658624366314
2024-04-20 04:50:08,4102.257011727828
2024-04-20 04:59:40,4106.475190568769
2024-04-20 15:14:25,4111.1963081957565
2024-04-20 16:58:16,4111.663922057743
2024-04-21 05:07:41,4116.100554542649
2024-04-21 05:09:28,4119.279429894721
2024-04-21 17:13:36,4119.279429894721
2024-04-21 19:02:53,4124.699041009045
2024-04-21 22:40:15,4126.954502941582
2024-04-22 05:06:09,4131.346387916479
2024-04-22 08:56:13,4134.640121060066
2024-04-22 17:05:21,4139.970419586618
2024-04-22 22:49:36,4146.907721257046
2024-04-23 05:36:35,4147.779442332267
2024-04-23 12:42:56,4155.408210337477
2024-04-23 16:57:25,4158.3865277489895
2024-04-23 17:37:33,4158.3865277489895
2024-04-24 02:36:18,4162.500924597039
2024-04-24 06:03:24,4165.328491219681
2024-04-24 16:29:39,4174.0658124315505
2024-04-24 18:35:22,4175.142814180234
2024-04-25 06:22:59,4178.753059694256
2024-04-25 06:30:11,4186.329663342796
2024-04-25 11:32:55,4190.811887637958
2024-04-25 18:51:39,4193.22526097692
2024-04-25 20:16:20,4197.733205084622
2024-04-26 08:00:14,4199.038627352579
2024-04-26 10:09:46,4202.179477261629
2024-04-26 20:17:53,4204.933254050606
2024-04-27 00:03:13,4210.084656972444
2024-04-27 05:24:15,4215.147719581015
2024-04-27 08:43:42,4215.147719581015
2024-04-27 13:56:33,4222.470308023136
2024-04-27 20:54:45,4223.638787247235
2024-04-28 03:49:54,4226.627940159626
2024-04-28 09:11:42,4226.847565571097
2024-04-28 17:43:14,4229.459518597734
2024-04-28 21:31:55,4235.144788387276
2024-04-28 23:32:00,4241.616065459948
2024-04-29 07:36:36,4246.557383104596
2024-04-29 09:35:47,4246.843755102632
2024-04-29 21:30:26,4262.447952950649
2024-04-29 22:15:10,4262.772483791586
2024-04-30 11:10:04,4262.772483791586
2024-04-30 11:23:46,4266.7583486184985
2024-04-30 18:09:30,4271.044891730819
2024-05-01 00:18:39,4271.774234980533
2024-05-01 01:17:14,4274.056151746994
2024-05-01 13:25:16,4277.284426641387
2024-05-01 15:10:35,4287.179348928103
2024-05-02 02:26:33,4291.924702446185
2024-05-02 05:04:35,4294.252880385453
2024-05-02 12:26:35,4298.009964338246
2024-05-02 15:23:44,4298.425785540188
2024-05-02 18:57:56,4308.395079828814
2024-05-03 03:47:09,4308.395079828814
2024-05-03 08:55:10,4308.974579387757
2024-05-03 15:42:12,4311.350721439269
2024-05-03 22:55:43,4320.899457928495
2024-05-04 03:40:40,4322.149104564528
2024-05-04 06:10:50,4324.776287822027
2024-05-04 12:49:03,4327.318699676902
2024-05-04 15:42:55,4328.077557192333
2024-05-05 02:42:34,4337.029362508107
2024-05-05 03:46:54,4340.387395063914
2024-05-05 16:10:06,4341.668032643645
2024-05-05 16:35:56,4349.992527717002
2024-05-05 23:56:25,4355.902107996009
2024-05-06 04:47:44,4357.514226130952
2024-05-06 06:29:16,4361.184664908654
2024-05-06 17:31:04,4361.971987402667
2024-05-06 20:22:37,4370.74344834312
2024-05-07 06:12:07,4372.362620106925
2024-05-07 10:15:57,4377.063296411801
2024-05-07 17:39:50,4382.98322497322
2024-05-07 18:36:57,4382.98322497322
2024-05-08 00:09:18,4389.463391427418
2024-05-08 07:18:45,4391.237834589198
2024-05-08 14:02:39,4398.890099732586
2024-05-08 19:59:57,4400.088525621464
2024-05-09 03:56:17,4408.065999656801
2024-05-09 07:51:45,4408.645311758315
2024-05-09 11:21:10,4412.486861507212
2024-05-09 17:49:44,4415.3013136134505
2024-05-09 19:43:41,4418.216971164148
2024-05-10 07:28:03,4419.760570838613
2024-05-10 07:43:40,4419.91371436125
2024-05-10 19:20:34,4421.397334123371
2024-05-10 21:37:00,4431.861058248597
2024-05-11 05:42:20,4435.573297108088
2024-05-11 07:07:34,4436.373048218619
2024-05-11 11:30:21,4439.2091324439925
2024-05-11 19:03:54,4440.130709435517
2024-05-12 01:23:43,4454.5633606943675
2024-05-12 06:37:58,4456.423780134906
2024-05-12 15:17:04,4458.993716047336
2024-05-12 18:18:52,4459.980496767909
2024-05-13 00:13:40,4955.922734336431
2024-05-13 05:10:25,4959.418182399748
2024-05-13 05:55:53,4960.335110779991
2024-05-13 17:40:03,4961.682672841452
2024-05-13 19:03:52,4971.591089917942
2024-05-14 05:15:59,4972.20118904977
2024-05-14 08:57:12,4975.733908005757
2024-05-14 17:07:35,4976.155585673636
2024-05-14 19:03:00,4979.584604961355
2024-05-14 22:50:57,4979.911022839411
2024-05-15 04:44:05,4981.343905321235
2024-05-15 12:49:43,4986.422623811508
2024-05-15 16:30:19,4990.0492486822895
2024-05-16 02:43:10,5000.494181237777
2024-05-16 04:12:34,5002.161394155326
2024-05-16 13:20:15,5004.019847915788
2024-05-16 15:52:21,5004.019847915788
2024-05-16 16:36:38,5005.506682510724
2024-05-17 03:26:51,5007.212478221996
2024-05-17 06:29:58,5011.37679084209
2024-05-17 15:18:43,5013.76894652778
2024-05-17 20:23:21,5025.289661222672
2024-05-18 03:02:15,5025.86684034608
2024-05-18 07:08:40,5030.448974423124
2024-05-18 10:16:42,5036.180875288023
2024-05-18 14:50:41,5037.410314836286
2024-05-19 00:10:02,5044.221583750282
2024-05-19 02:26:43,5044.695668133105
2024-05-19 14:03:31,5049.172118621839
2024-05-19 14:07:14,5050.979970025399
2024-05-20 01:42:25,5054.983539374541
2024-05-20 01:43:11,5058.106177081574
2024-05-20 03:56:56,5060.3573118992335
2024-05-20 13:18:24,5061.636801463808
2024-05-20 17:50:17,5074.599150383948
2024-05-21 00:51:29,5076.053644286432
2024-05-21 07:43:38,5082.098522826183
2024-05-21 12:24:01,5083.325209349077
2024-05-21 19:49:25,5085.11689574186
2024-05-21 21:36:59,5094.8547983881135
2024-05-22 00:01:37,5096.672816966188
2024-05-22 11:30:24,5101.579572446285
2024-05-22 11:39:34,5103.705951910604
2024-05-22 23:58:13,5104.614633826406
2024-05-23 01:23:45,5108.44114533992
2024-05-23 12:16:11,5110.2246625646985
2024-05-23 15:12:00,5117.7986259805375
2024-05-23 15:17:06,5124.463997583925
2024-05-24 00:31:01,5125.180613201299
2024-05-24 05:11:01,5131.581494862448
2024-05-24 12:44:36,5133.230176144598
2024-05-24 19:04:21,5142.059171790297
2024-05-25 00:59:53,5143.346455278746
2024-05-25 08:58:42,5152.06118500496
2024-05-25 10:48:50,5157.013620775308
2024-05-25 13:17:11,5158.000057301131
2024-05-25 22:52:02,5163.364861620868
2024-05-26 01:35:38,5164.50788205105
2024-05-26 12:45:25,5175.055405977382
2024-05-26 13:54:13,5176.8013251924785
2024-05-27 02:12:56,5178.2490879217485
2024-05-27 02:38:46,5180.453811646587
2024-05-27 05:20:30,5182.416626173938
2024-05-27 14:33:45,5184.20010948186
2024-05-27 16:32:06,5188.261642853241
2024-05-28 02:50:26,5188.9622183391375
2024-05-28 06:25:27,5200.341230630061
2024-05-28 15:08:10,5201.880157380335
2024-05-28 20:18:50,5207.703942206095
2024-05-28 23:21:00,5219.251610160512
2024-05-29 03:15:58,5219.251610160512
2024-05-29 10:12:17,5220.864703452324
2024-05-29 15:03:47,5223.8521099395275
2024-05-30 00:05:39,5235.241144070527
2024-05-30 03:06:15,5236.352098861438
2024-05-30 13:59:12,5244.126318362541
2024-05-30 15:19:36,5245.595899075291
2024-05-30 18:18:00,5250.653046990217
2024-05-31 03:15:40,5252.160704834388
2024-05-31 03:52:38,5254.649774292388
2024-05-31 15:16:30,5255.726196930728
2024-05-31 17:45:59,5263.980340832354
2024-06-01 03:04:10,5263.980340832354
2024-06-01 07:39:19,5267.03627015612
2024-06-01 13:51:00,5268.832057879761
2024-06-01 14:51:41,5269.581748915588
2024-06-01 21:32:40,5275.383886802042
2024-06-02 02:42:31,5279.386190927745
2024-06-02 11:26:45,5286.414856606886
2024-06-02 14:30:30,5287.050948521587
2024-06-03 01:20:05,5291.346580754571
2024-06-03 02:16:35,5291.346580754571
2024-06-03 08:53:00,5297.421855272338
2024-06-03 14:10:40,5298.963705554537
2024-06-03 15:13:44,5302.350007078526
2024-06-04 01:56:36,5305.260483072238
2024-06-04 05:07:17,5313.761089427299
2024-06-04 13:43:28,5314.905838054134
2024-06-04 19:01:08,5328.499911595411
2024-06-05 02:14:00,5329.305889226162
2024-06-05 04:27:30,5335.051455861398
2024-06-05 08:54:39,5340.477300905575
2024-06-05 13:58:53,5341.389176247156
2024-06-05 22:48:06,5344.703553310475
2024-06-06 01:47:10,5346.743627760605
2024-06-06 12:41:26,5352.0597989292855
2024-06-06 14:01:31,5355.123543169442
2024-06-06 22:20:40,5362.102234003914
2024-06-07 01:59:11,5362.33228909557
2024-06-07 02:34:49,5363.7381658255545
2024-06-07 13:43:03,5366.138637844799
2024-06-07 16:30:34,5369.582193631495
2024-06-08 01:21:41,5370.414651088917
2024-06-08 06:23:54,5381.171644661754
2024-06-08 12:57:42,5382.107820966275
2024-06-08 17:19:45,5388.375668192333
2024-06-08 20:17:15,5395.480750793484
2024-06-09 00:30:25,5397.392053785647
2024-06-09 10:10:36,5402.625058005627
2024-06-09 12:01:06,5403.644272174204
2024-06-09 23:32:50,5405.390888019722
2024-06-10 00:03:56,5411.383005604215
2024-06-10 11:04:07,5411.383005604216
2024-06-10 11:29:50,5413.162998627468
2024-06-10 13:57:17,5415.690206999078
2024-06-10 22:54:35,5417.247140623326
2024-06-11 03:50:37,5426.596835932808
2024-06-11 11:06:10,5430.2752781726085
2024-06-11 17:43:58,5437.671000357357
2024-06-11 23:19:51,5439.102790406501
2024-06-12 05:11:35,5441.296073845203
2024-06-12 07:37:24,5444.266737321589
2024-06-12 11:30:30,5445.099311493978
2024-06-12 21:30:50,5451.716862294559
2024-06-12 23:42:09,5452.515601849773
2024-06-13 11:24:16,5457.717377775521
2024-06-13 11:56:37,5460.42102677464
2024-06-13 22:52:35,5470.305399317695
2024-06-14 00:11:07,5470.740959757032
2024-06-14 01:17:37,5473.915240159395
2024-06-14 12:32:02,5475.663306717638
2024-06-14 15:11:04,5481.832891291827
2024-06-15 00:45:56,5483.186196907677
2024-06-15 05:04:24,5486.946276390515
2024-06-15 13:02:58,5490.091314978105
2024-06-15 16:34:05,5492.895939742638
2024-06-15 18:57:45,5495.004183012831
2024-06-16 01:18:04,5495.004183012833
2024-06-16 08:51:07,5495.004183012846
2024-06-16 13:32:53,5495.004183012846
2024-06-16 22:44:27,5504.61715192451
2024-06-17 01:41:32,5505.999643984941
2024-06-17 10:15:45,5507.872202459828
2024-06-17 12:37:48,5507.8722024598455
2024-06-17 13:53:17,5512.509463372596
2024-06-18 02:03:21,5512.663806210307
2024-06-18 02:31:08,5520.167306624311
2024-06-18 14:29:39,5522.515296657536
2024-06-18 16:24:29,5526.195006195544
2024-06-19 02:40:32,5527.4917334095435
2024-06-19 04:09:55,5541.080712015545
2024-06-19 06:17:49,5543.705119104439
2024-06-19 14:53:40,5544.232348032677
2024-06-19 20:11:10,5546.608699222118
2024-06-20 02:39:36,5546.960329454691
2024-06-20 10:04:30,5549.830336133641
2024-06-20 14:16:26,5553.339579405335
2024-06-20 23:32:50,5558.10435923262
2024-06-20 23:57:51,5560.659175783195
2024-06-21 01:48:37,5560.659175783195
2024-06-21 13:22:33,5562.484870875515
2024-06-21 13:51:12,5582.309932863672
2024-06-22 00:54:50,5582.309932863672
2024-06-22 03:44:38,5584.672266219958
2024-06-22 12:24:05,5588.33217599991
2024-06-22 17:37:59,5591.619667264556
2024-06-22 18:18:50,5595.04701079964
2024-06-23 00:00:55,5597.907694697373
2024-06-23 07:31:19,5603.8696554782
2024-06-23 11:25:38,5603.924679936651
2024-06-23 21:24:40,5605.868102663422
2024-06-23 22:45:53,5606.240228230619
2024-06-24 10:09:12,5606.686614430989
2024-06-24 11:18:00,5610.0274356118925
2024-06-24 12:34:35,5614.556239194683
2024-06-24 21:33:53,5615.083866720323
2024-06-25 01:11:21,5621.618233267719
2024-06-25 08:50:57,5621.618233267719
2024-06-25 15:04:42,5624.676469326334
2024-06-25 20:15:46,5624.676469326334
2024-06-26 04:58:02,5627.119723428273
2024-06-26 06:16:00,5629.1065787352945
2024-06-26 07:39:48,5629.1065787352945
2024-06-26 18:51:23,5631.041409727556
2024-06-26 19:19:18,5631.041409727557
2024-06-27 07:14:40,5632.692218861964
2024-06-27 08:44:43,5641.76374926667
2024-06-27 19:16:19,5641.76374926667
2024-06-27 22:38:04,5648.029631940769
2024-06-27 23:58:25,5654.58826712998
2024-06-28 06:39:29,5654.862373072508
2024-06-28 12:31:25,5659.2675784703815
2024-06-28 18:01:21,5659.2675784703815
2024-06-29 02:24:45,5659.267578470387
2024-06-29 05:26:49,5659.267578470387
2024-06-29 16:18:06,5668.194208035113
2024-06-29 16:49:23,5668.194208035113
2024-06-29 17:45:55,5674.285185099791
2024-06-30 04:08:46,5674.285185099791
2024-06-30 06:11:27,5675.706479864468
2024-06-30 15:29:39,5675.706479864468
2024-06-30 20:04:53,5684.875271544726
2024-07-01 02:52:08,5684.875271544726
2024-07-01 09:58:14,5687.479246729627
2024-07-01 11:59:55,5691.043645352888
2024-07-01 14:17:16,5691.043645352888
2024-07-01 23:51:36,5693.49349133064
2024-07-02 01:39:06,5693.493491330643
2024-07-02 13:04:50,5694.868122114741
2024-07-02 13:45:39,5696.079647623187
2024-07-03 00:31:23,5696.8172568164255
2024-07-03 03:39:00,5707.331065115398
2024-07-03 05:41:20,5715.351911225943
2024-07-03 11:50:09,5715.413658298624
2024-07-03 17:32:21,5720.6261142945705
2024-07-03 23:09:04,10929.838237857444
2024-07-04 07:25:41,10932.447226616538
2024-07-04 10:29:26,10932.447226616538
2024-07-04 21:19:02,10952.392113368385
2024-07-04 21:52:36,10952.392113368385
2024-07-04 23:26:40,10954.275893742742
2024-07-05 09:13:38,10954.61140793488
2024-07-05 11:12:22,10959.376126602241
2024-07-05 20:37:29,10959.376126602241
2024-07-06 01:05:43,10963.090019757467
2024-07-06 07:54:09,10963.167742340935
2024-07-06 14:59:03,10967.171967029662
2024-07-06 18:00:30,10971.875372683975
2024-07-06 19:07:15,10972.243199293402
2024-07-07 04:52:24,10976.68951522074
2024-07-07 06:28:33,10976.68951522074
2024-07-07 17:50:06,10976.920191107893
2024-07-07 18:45:44,10981.079069759493
2024-07-08 05:29:59,10981.123158144117
2024-07-08 08:39:05,10985.400084708086
2024-07-08 12:19:50,10989.703162079371
2024-07-08 17:17:25,10989.890962603089
2024-07-08 22:32:26,10998.579878550427
2024-07-09 04:36:04,10998.627459987416
2024-07-09 12:25:46,11004.937927020415
2024-07-09 15:56:26,11004.937927020415
2024-07-10 02:19:07,11013.079062727273
2024-07-10 03:12:34,11013.383482837915
2024-07-10 07:11:10,11014.285156358614
2024-07-10 14:32:12,11014.285156358614
2024-07-10 16:12:27,11019.119208708727
2024-07-11 01:51:17,11019.402357171914
2024-07-11 06:05:48,11023.939434345795
2024-07-11 13:08:59,11024.238150631994
2024-07-11 19:59:08,11027.326577517577
2024-07-12 00:24:27,11027.327665033998
2024-07-12 01:53:55,11028.827359484107
2024-07-12 09:52:29,11032.171096884855
2024-07-12 11:42:39,11032.171096884855
2024-07-12 23:09:01,11032.171096884855
2024-07-12 23:45:49,11036.403652912693
2024-07-13 10:39:58,11036.403652912693
2024-07-13 13:39:10,11041.6600889056
2024-07-13 19:37:25,11042.692033504802
2024-07-13 22:00:49,11042.692033504802
2024-07-14 03:32:40,11044.08646882925
2024-07-14 09:24:49,11044.08646882925
2024-07-14 17:26:01,11061.724775819748
2024-07-14 20:46:56,11061.724775819748
2024-07-15 07:19:21,11062.011381708206
2024-07-15 08:11:05,11062.011381708206
2024-07-15 14:13:25,11063.082625882585
2024-07-15 19:40:12,11063.082625882585
2024-07-15 21:12:42,11065.511035047884
2024-07-16 07:07:27,11065.511035047884
2024-07-16 11:06:02,11071.308556466962
2024-07-16 18:40:06,11071.308556466962
2024-07-17 00:59:23,11078.00284146469
2024-07-17 06:11:02,11078.00284146469
2024-07-17 09:04:05,11079.95026377668
2024-07-17 14:52:43,11082.898680961014
2024-07-17 17:35:56,11082.898680961014
2024-07-18 04:46:04,11088.34479309772
2024-07-18 04:59:23,11088.34479309772
2024-07-18 16:27:21,11088.34479309772
2024-07-18 18:39:24,11094.973311642183
2024-07-19 02:45:00,11098.234558311431
2024-07-19 03:58:13,11098.234558311431
2024-07-19 08:32:45,11099.849477161804
2024-07-19 15:26:33,11100.359796004499
2024-07-19 22:26:05,11111.038481460226
2024-07-20 03:03:42,11112.74813338309
2024-07-20 12:19:30,11112.748133383093
2024-07-20 14:34:50,11112.748133383093
2024-07-20 20:50:10,11115.825365043038
2024-07-21 02:01:28,11116.054042467536
2024-07-21 02:12:51,11129.65246955421
2024-07-21 13:42:22,11129.65246955421
2024-07-21 16:06:23,11137.395689937252
2024-07-22 01:13:03,11137.542153282611
2024-07-22 05:59:43,11141.283679496139
2024-07-22 12:46:04,11141.33212874186
2024-07-22 15:15:10,11144.166192139757
2024-07-22 19:53:04,11148.375383347695
2024-07-23 00:13:23,11148.388570580582
2024-07-23 09:46:24,11153.897137759894
2024-07-23 12:28:51,11153.897137759894
2024-07-23 23:39:47,11157.660201034989
2024-07-23 23:53:51,11157.660201034989
2024-07-24 10:11:25,11160.666975188557
2024-07-24 11:17:33,11160.756427220576
2024-07-24 13:33:10,11162.799507686748
2024-07-24 22:40:57,11162.799507686748
2024-07-25 03:26:31,11168.032838495483
2024-07-25 10:02:25,11168.032838495483
2024-07-25 17:19:51,11173.076447774905
2024-07-25 21:28:23,11173.076447774905
2024-07-26 04:23:45,11176.214132095196
2024-07-26 07:13:16,11176.59288465758
2024-07-26 08:47:49,11176.59288465758
2024-07-26 20:08:35,11176.59288465758
2024-07-26 21:06:37,11183.863578835488
2024-07-27 07:31:44,11183.863578835488
2024-07-27 10:59:57,11185.252095191208
2024-07-27 18:52:35,11185.252095191208
2024-07-27 22:16:35,11188.395149018119
2024-07-28 00:53:18,11191.863680226325
2024-07-28 06:15:09,11191.863680226325
2024-07-28 14:46:51,11198.17113623069
2024-07-28 17:41:38,11198.17113623069
2024-07-29 04:40:41,11200.578064540965
2024-07-29 05:06:23,11200.578064540965
2024-07-29 16:32:23,11200.879449662856
2024-07-29 17:59:20,11204.630078981496
2024-07-29 18:34:02,11211.597973236105
2024-07-30 03:58:46,11211.597973236105
2024-07-30 08:27:22,11215.76998996125
2024-07-30 15:35:36,11215.76998996125
2024-07-30 22:20:43,11225.233960761248
2024-07-31 02:59:35,11225.233960761248
2024-07-31 12:14:08,11229.091576223118
2024-07-31 14:27:40,11229.130966814284
2024-08-01 01:34:15,11232.975873193967
2024-08-01 02:07:35,11240.507281046675
2024-08-01 04:26:42,11240.507281046675
2024-08-01 16:00:55,11244.435517736372
2024-08-01 16:39:15,11244.435517736372
2024-08-02 04:00:10,11244.435517736372
2024-08-02 05:55:00,11249.731478696178
2024-08-02 15:23:12,11249.731478696178
2024-08-02 19:48:21,11256.305552626458
2024-08-03 00:56:30,11260.636786241776
2024-08-03 02:52:35,11260.636786241776
2024-08-03 09:41:42,11264.640774416057
2024-08-03 14:19:06,11264.640774416057
2024-08-03 23:35:02,11268.106853527435
2024-08-04 01:50:47,11268.106853527435
2024-08-04 13:15:54,11270.268089862577
2024-08-04 13:28:23,11277.803737443079
2024-08-04 19:44:45,11281.378143813712
2024-08-05 00:41:28,11281.378143813712
2024-08-05 03:21:43,11285.484547619977
2024-08-05 12:11:35,11285.484547619977
2024-08-05 17:15:05,11290.557514315016
2024-08-05 23:42:54,11290.557514315016
2024-08-06 07:08:25,11292.435071581738
2024-08-06 11:10:56,11292.435071581738
2024-08-06 13:24:55,11295.433481310729
2024-08-06 21:01:46,11301.488867592023
2024-08-06 22:37:24,11301.488867592023
2024-08-07 10:02:40,11301.488867592023
2024-08-07 10:55:19,11304.147756044333
2024-08-07 21:27:41,11304.147756044333
2024-08-08 00:48:40,11307.85313681511
2024-08-08 07:31:10,11310.592224671607
2024-08-08 08:53:13,11310.592224671607
2024-08-08 14:42:00,11315.92195050375
2024-08-08 20:18:11,11315.92195050375
2024-08-09 04:35:21,11318.581202133757
2024-08-09 07:43:51,11318.581202133757
2024-08-09 18:30:35,11321.934604497168
2024-08-09 19:06:07,11321.934604497168
2024-08-10 02:41:40,11325.381887596372
2024-08-10 06:24:49,11325.381887596372
2024-08-10 08:24:14,11328.454961727746
2024-08-10 18:01:35,11328.454961727746
2024-08-10 22:17:45,11329.784113891094
2024-08-11 05:29:17,11329.784113891094
2024-08-11 12:11:42,11331.454239784694
2024-08-11 16:57:12,11331.454239784694
2024-08-11 20:27:45,11335.506380083682
2024-08-12 02:05:02,11335.861672397397
2024-08-12 04:13:13,11335.861672397397
2024-08-12 15:31:05,11335.861672397397
2024-08-12 15:58:23,11342.198971741556
2024-08-13 02:49:49,11342.198971741556
2024-08-13 05:51:43,11355.11398518066
2024-08-13 14:09:05,11355.11398518066
2024-08-13 15:33:25,11359.07676763575
2024-08-13 19:45:16,11361.591344876453
2024-08-14 01:28:02,11361.591344876453
2024-08-14 09:39:37,11364.26366448948
2024-08-14 12:51:38,11364.26366448948
2024-08-14 23:32:57,11369.42283485878
2024-08-15 00:28:22,11369.42283485878
2024-08-15 09:39:30,11373.69335835221
2024-08-15 11:52:36,11373.69335835221
2024-08-15 13:26:19,11378.468282024647
2024-08-15 23:10:56,11378.468282024647
2024-08-16 03:19:40,11381.59470398863
2024-08-16 10:59:48,11381.59470398863
2024-08-16 17:13:06,11387.743514498774
2024-08-16 23:04:12,11387.743514498774
2024-08-17 03:42:20,11392.595954779616
2024-08-17 07:12:45,11394.074488203656
2024-08-17 11:06:30,11394.074488203656
2024-08-17 21:06:05,11398.804031912132
2024-08-17 22:28:20,11398.804031912132
2024-08-18 09:52:57,11398.804031912132
2024-08-18 10:59:26,11402.853452761188
2024-08-18 21:13:18,11402.853452761188
2024-08-18 21:22:25,11406.68066449375
2024-08-19 00:52:46,11407.015774024283
2024-08-19 08:31:55,11407.015774024283
2024-08-19 14:46:14,11410.473783075819
2024-08-19 19:51:24,11410.473783075819
2024-08-20 04:39:35,11418.908691632485
2024-08-20 07:10:28,11418.908691632485
2024-08-20 15:02:40,11423.468189343776
2024-08-20 18:32:55,11428.101113067287
2024-08-20 18:33:00,11428.101113067287
2024-08-21 05:56:15,11428.101113067287
2024-08-21 08:26:16,11433.84015346031
2024-08-21 17:30:38,11433.84015346031
2024-08-21 22:19:39,11437.991566525905
2024-08-22 04:58:37,11437.991566525905
2024-08-22 09:00:35,11442.653780741011
2024-08-22 12:12:59,11446.069157589593
2024-08-22 16:18:40,11446.069157589593
2024-08-23 02:08:38,11450.928441299586
2024-08-23 03:37:09,11450.928441318825
2024-08-23 15:05:18,11450.928441318825
2024-08-23 16:02:38,11456.049446652427
2024-08-24 02:22:04,11456.049446652427
2024-08-24 03:43:30,11459.92401123417
2024-08-24 05:56:07,11464.093715092495
2024-08-24 13:41:43,11464.093715092495
2024-08-24 19:49:34,11469.416484107005
2024-08-25 00:58:40,11469.416484107005
2024-08-25 09:42:54,11473.10941169261
2024-08-25 12:15:18,11473.10941169261
2024-08-25 21:33:15,11478.326004958992
2024-08-25 23:36:09,11478.326004958992
2024-08-25 23:36:15,11484.394338968037
2024-08-26 10:57:33,11484.394338968037
2024-08-26 13:29:35,11492.225341809713
2024-08-26 22:22:06,11492.225341809713
2024-08-27 03:31:07,11497.689539863619
2024-08-27 09:48:18,11497.689539863619
2024-08-27 16:08:00,11501.722843518171
2024-08-27 17:24:27,11507.416100878962
2024-08-27 21:10:32,11507.416100878962
2024-08-28 07:23:41,11515.455118743168
2024-08-28 08:28:00,11515.455118743168
2024-08-28 19:46:01,11515.455118743168
2024-08-28 21:17:01,11519.81732124314
2024-08-29 07:03:23,11519.81732124314
2024-08-29 11:16:18,11523.384128743322
2024-08-29 11:28:05,11526.01006873098
2024-08-29 18:34:38,11526.01006873098
2024-08-30 01:09:51,11531.733632305419
2024-08-30 05:59:43,11531.733632305419
2024-08-30 15:03:11,11536.559702076785
2024-08-30 17:17:44,11536.559702076785
2024-08-31 04:36:00,11536.559702076785
2024-08-31 04:56:39,11546.22809423674
2024-08-31 06:26:20,11549.295640101727
2024-08-31 15:52:37,11549.295640101727
2024-08-31 18:50:17,11555.405380019516
2024-09-01 03:15:58,11555.405380019516
2024-09-01 08:43:38,11562.384577948702
2024-09-01 14:37:03,11562.384577948702
2024-09-01 22:37:42,11571.883202277422
2024-09-02 00:23:05,11573.972220607593
2024-09-02 01:56:18,11573.972220607593
2024-09-02 12:31:18,11576.867414365108
2024-09-02 13:54:47,11576.867414365108
2024-09-03 01:16:33,11576.867414365108
2024-09-03 02:24:41,11579.920221383254
2024-09-03 12:32:21,11579.920221383254
2024-09-03 16:18:07,11588.672420188972
2024-09-03 20:10:05,11591.720407455421
2024-09-03 23:48:02,11591.720407455421
2024-09-04 06:11:29,11593.95722356184
2024-09-04 11:04:22,11593.95722356184
2024-09-04 20:04:50,11596.279644371043
2024-09-04 22:39:51,11599.963800219479
2024-09-05 09:58:10,11608.69997996801
2024-09-05 09:58:37,11608.69997996801
2024-09-05 13:50:15,11611.061096867048
2024-09-05 21:22:03,11611.061096867048
2024-09-05 23:51:31,11614.741355929287
2024-09-06 08:41:09,11614.741355929287
2024-09-06 13:44:51,11620.274755678078
2024-09-06 20:02:00,11620.274755678078
2024-09-07 03:38:15,11622.773661302896
2024-09-07 07:26:24,11622.773661302896
2024-09-07 07:58:05,11625.201650731018
2024-09-07 17:31:56,11627.66574931395
2024-09-07 18:50:33,11627.66574931395
2024-09-08 06:07:23,11627.66574931395
2024-09-08 07:25:17,11630.95111812219
2024-09-08 17:25:09,11630.95111812219
2024-09-08 21:18:37,11642.165175236081
2024-09-09 02:44:45,11643.719045473392
2024-09-09 04:45:19,11643.719045473392
2024-09-09 11:11:58,11646.39046759904
2024-09-09 16:04:02,11646.39046759904
2024-09-10 01:05:48,11648.917931435444
2024-09-10 03:22:54,11648.917931435444
2024-09-10 14:39:29,11648.917931435444
2024-09-10 15:03:54,11650.751241061686
2024-09-10 20:54:40,11653.5406889614
2024-09-11 01:57:20,11653.5406889614
2024-09-11 04:58:26,11657.297996876887
2024-09-11 13:12:18,11657.297996876887
2024-09-11 18:51:57,11659.49613559392
2024-09-12 00:29:51,11659.49613559392
2024-09-12 08:45:26,11664.548497777667
2024-09-12 11:48:52,11664.548497777667
2024-09-12 15:34:10,11665.938596518188
2024-09-12 22:38:57,11668.104739289807
2024-09-12 23:03:46,11668.104739289807
2024-09-13 10:18:35,11668.104739289807
2024-09-13 12:32:20,11680.828763083831
2024-09-13 21:38:27,11680.828763083831
2024-09-14 02:25:49,11683.884054017733
2024-09-14 09:00:37,11683.884054017733
2024-09-14 10:47:55,11684.95093264011
2024-09-14 16:19:16,11691.063758012631
2024-09-14 20:23:14,11691.063758012631
2024-09-15 06:12:38,11697.309106071261
2024-09-15 07:46:04,11697.309106071261
2024-09-15 19:00:31,11697.309106071261
2024-09-15 20:05:59,11702.215205833552
2024-09-16 04:32:10,11705.981894289958
2024-09-16 06:16:32,11705.981894289958
2024-09-16 09:59:22,11708.38678356284
2024-09-16 17:38:54,11708.38678356284
2024-09-16 23:52:46,11714.938162552207
2024-09-17 04:50:16,11714.938162552207
2024-09-17 13:46:06,11717.200890815195
2024-09-17 16:05:17,11717.200890815195
2024-09-17 22:12:45,11718.14751551422
2024-09-18 03:18:21,11718.14751551422
2024-09-18 03:39:30,11725.225431093633
2024-09-18 14:43:40,11725.225431093633
2024-09-18 17:32:53,11728.25985347863
2024-09-19 02:14:01,11728.25985347863
2024-09-19 07:26:16,11734.00879189293
2024-09-19 13:34:00,11734.00879189293
2024-09-19 15:52:55,11736.05321114253
2024-09-19 21:19:37,11742.544304666771
2024-09-20 01:22:11,11742.544304666771
2024-09-20 11:13:04,11745.572142061526
2024-09-20 13:11:22,11745.572142061526
2024-09-21 00:29:13,11745.572142061526
2024-09-21 01:07:11,11751.534020690917
2024-09-21 10:32:45,11752.69208596112
2024-09-21 11:47:34,11752.69208596112
2024-09-21 15:00:38,11757.25665257585
2024-09-21 23:04:13,11758.339566802239
2024-09-22 04:54:01,11764.607033822016
2024-09-22 10:22:17,11764.607033822016
2024-09-22 18:47:30,11768.616446450073
2024-09-22 21:32:18,11768.616446450073
2024-09-23 04:46:25,11769.127177978375
2024-09-23 08:40:57,11776.723473229215
2024-09-23 08:47:26,11776.723473229215
2024-09-23 20:06:04,11776.723473229216
2024-09-23 22:34:25,11779.191577420992
2024-09-24 07:24:56,11779.191577420992
2024-09-24 12:27:53,11785.570640314068
2024-09-24 18:53:45,11785.570640314068
2024-09-24 22:33:45,11787.148345174632
2024-09-25 02:21:13,11792.745565901345
2024-09-25 06:38:11,11792.745565901345
2024-09-25 16:14:39,11797.235879925729
2024-09-25 19:13:15,11797.235879925729
2024-09-26 06:08:09,11804.21024879967
2024-09-26 07:08:08,11804.21024879967
2024-09-26 16:15:45,11805.436933975378
2024-09-26 18:43:31,11805.436933975378
2024-09-26 20:01:30,11808.490335384882
2024-09-27 05:59:11,11808.490335384882
2024-09-27 09:54:51,11814.517370408174
2024-09-27 17:15:30,11814.517370408174
2024-09-27 23:48:12,11818.005298242779
2024-09-28 04:41:29,11818.005298242779
2024-09-28 09:56:15,11819.363184942154
2024-09-28 13:41:33,11827.666595738217
2024-09-28 15:55:56,11827.666595738217
2024-09-29 03:26:58,11827.666595738217
2024-09-29 03:35:01,11830.390817689815
2024-09-29 14:43:33,11830.390817689815
2024-09-29 17:28:22,11837.162371101706
2024-09-30 01:54:53,11837.162371101706
2024-09-30 04:22:30,11837.982298759847
2024-09-30 07:21:42,11843.797128893253
2024-09-30 13:08:48,11843.797128893253
2024-09-30 21:15:03,11849.952705515545
2024-10-01 00:30:07,11849.952705515545
2024-10-01 11:08:23,11855.827712258131
2024-10-01 11:38:58,11855.827712258131
2024-10-01 22:31:30,11856.606080562153
2024-10-01 22:47:06,11856.606080562153
2024-10-02 01:02:10,11857.59827211643
2024-10-02 10:00:04,11857.59827211643
2024-10-02 14:55:51,11868.020550507892
2024-10-02 21:12:40,11868.020550507892
2024-10-03 04:49:12,11871.00887420909
2024-10-03 08:28:07,11871.00887420909
2024-10-03 16:25:20,11871.137323505729
2024-10-03 18:42:45,11877.175988891882
2024-10-03 19:36:47,11877.175988891882
2024-10-04 06:49:43,11877.175988891882
2024-10-04 08:36:18,11880.706836992147
2024-10-04 17:59:22,11880.706836992147
2024-10-04 22:29:39,11885.971595432839
2024-10-05 05:14:52,11885.971595432839
2024-10-05 10:09:05,11886.1382647426
2024-10-05 12:23:08,11890.538704947181
2024-10-05 16:39:29,11890.538704947181
2024-10-06 02:16:31,11894.18656881187
2024-10-06 04:03:21,11894.18656881187
2024-10-06 15:37:31,11894.18656881187
2024-10-06 16:09:52,11897.878840669378
2024-10-07 03:05:01,11897.878840669378
2024-10-07 03:52:10,11898.058675549779
2024-10-07 06:03:12,11900.796465493811
2024-10-07 14:23:46,11900.796465493811
2024-10-07 19:56:33,11915.750502665069
2024-10-08 01:38:02,11915.750502665069
2024-10-08 09:49:53,11916.43094358357
2024-10-08 12:55:45,11916.43094358357
2024-10-08 21:35:15,11916.546120577468
2024-10-08 23:43:25,11921.87611645426
2024-10-09 00:22:28,11921.87611645426
2024-10-09 11:44:59,11921.87611645426
2024-10-09 13:36:46,11927.102783601276
2024-10-09 23:07:04,11927.102783601276
2024-10-10 03:30:06,11933.6925099574
2024-10-10 10:29:39,11933.6925099574
2024-10-10 15:27:05,11933.783464820133
2024-10-10 17:23:33,11938.83699678182
2024-10-10 21:57:34,11938.83699678182
2024-10-11 07:22:50,11944.04191460264
2024-10-11 09:22:28,11944.04191460264
2024-10-11 20:36:30,11944.04191460264
2024-10-11 21:16:11,11949.954211189683
2024-10-12 07:58:03,11949.954211189683
2024-10-12 09:11:55,11950.182783315988
2024-10-12 11:09:31,11952.462523102675
2024-10-12 19:11:37,11952.462523102675
2024-10-13 01:02:52,11957.929274018383
2024-10-13 06:26:16,11957.929274018383
2024-10-13 14:56:12,11961.693824650349
2024-10-13 17:40:06,11961.693824650349
2024-10-14 02:56:10,11961.833398009097
2024-10-14 04:52:43,11961.833398009097
2024-10-14 04:55:21,11966.415090516604
2024-10-14 16:12:02,11966.415090516604
2024-10-14 18:48:41,11971.131322519268
2024-10-15 03:38:58,11971.131322519268
2024-10-15 08:42:02,11977.996645314111
2024-10-15 15:02:21,11977.996645314111
2024-10-15 20:38:30,11978.104803684711
2024-10-15 22:35:26,11988.49640128331
2024-10-16 02:12:25,11988.49640128331
2024-10-16 12:28:46,11994.084521510495
2024-10-16 13:50:00,11994.084521510495
2024-10-17 01:24:59,11994.084521510495
2024-10-17 02:22:07,12002.610771630088
2024-10-17 13:06:58,12002.610771630088
2024-10-17 14:19:20,12002.797060105297
2024-10-17 16:15:27,12015.53372815346
2024-10-18 00:25:36,12015.53372815346
2024-10-18 06:08:48,12023.293746805724
2024-10-18 11:42:10,12023.293746805724
2024-10-18 20:02:09,12030.170070646658
2024-10-18 22:58:35,12030.170070646658
2024-10-19 08:22:05,12030.39006575009
2024-10-19 09:55:29,12038.659605900973
2024-10-19 10:19:48,12038.659605900973
2024-10-19 21:33:43,12038.659605900973
2024-10-19 23:48:50,12042.783361283186
2024-10-20 09:14:08,12042.783361283186
2024-10-20 13:42:10,12050.501753892824
2024-10-20 20:29:52,12050.501753892824
2024-10-21 03:35:31,12063.370119638235
2024-10-21 03:37:25,12063.532227094616
2024-10-21 07:37:49,12063.532227094616
2024-10-21 17:28:51,12073.602747215988
2024-10-21 18:49:47,12073.602747215988
2024-10-22 06:03:54,12073.602747215988
2024-10-22 07:22:42,12076.505215166479
2024-10-22 17:16:20,12076.505215166479
2024-10-22 21:16:03,12090.85883645605
2024-10-22 22:31:20,12090.896684565734
2024-10-23 04:28:20,12090.896684565734
2024-10-23 11:09:23,12098.660830122453
2024-10-23 15:49:29,12098.660830122453
2024-10-24 01:08:32,12105.600580413718
2024-10-24 03:17:06,12105.600580413718
2024-10-24 15:02:11,12109.075406996053
2024-10-24 15:10:52,12109.075406996053
2024-10-24 17:01:05,12109.144110722113
2024-10-25 02:44:05,12109.144110722113
2024-10-25 04:55:31,12119.028568671325
2024-10-25 13:54:15,12119.028568671325
2024-10-25 18:49:34,12127.877465208543
2024-10-26 01:03:36,12127.877465208543
2024-10-26 08:43:00,12135.251381575465
2024-10-26 10:41:35,12135.384797896812
2024-10-26 12:22:50,12135.384797896812
2024-10-26 22:36:21,12142.697673124985
2024-10-26 23:28:58,12142.697673124985
2024-10-27 11:01:30,12142.697673124985
2024-10-27 12:29:41,12150.20060321075
2024-10-27 22:59:51,12150.20060321075
2024-10-28 02:23:02,12157.851569547609
2024-10-28 04:21:45,12158.115765828783
2024-10-28 10:38:32,12158.115765828783
2024-10-28 16:16:28,12166.477823884032
2024-10-28 22:45:10,12166.477823884032
2024-10-29 06:09:49,12174.439059178574
2024-10-29 10:20:21,12174.439059178574
2024-10-29 20:04:43,12185.481574988411
2024-10-29 21:30:41,12185.481574988411
2024-10-29 22:52:30,12185.629557511045
2024-10-30 08:49:29,12185.629557511045
2024-10-30 09:58:34,12190.40718101393
2024-10-30 19:58:27,12190.409428226769
2024-10-30 23:52:00,12197.350083870804
2024-10-31 07:05:05,12197.350083870804
2024-10-31 13:45:21,12211.076464770626
2024-10-31 17:47:45,12211.460304544347
2024-10-31 18:14:15,12211.460304544347
2024-11-01 03:40:35,12216.213515549318
2024-11-01 06:01:35,12216.213515549318
2024-11-01 17:37:42,12216.213515549318
2024-11-01 17:37:50,12223.53943704524
2024-11-02 04:42:58,12223.53943704524
2024-11-02 07:31:58,12228.127539195908
2024-11-02 14:50:40,12228.208114574018
2024-11-02 15:55:06,12228.208114574018
2024-11-02 21:25:18,12244.099272511592
2024-11-03 03:52:05,12244.099272511592
2024-11-03 11:18:45,12250.760104191328
2024-11-03 15:06:33,12250.760104191328
2024-11-04 01:12:05,12253.972170106581
2024-11-04 02:19:08,12253.972170106581
2024-11-04 10:21:45,12254.309575871988
2024-11-04 13:34:25,12254.309575871988
2024-11-04 15:05:26,12264.55434884713
2024-11-05 00:48:28,12264.55434884713
2024-11-05 04:58:52,12275.669614815637
2024-11-05 12:05:36,12275.669614815637
2024-11-05 18:52:13,12278.756129118967
2024-11-05 23:17:44,12278.756129118967
2024-11-06 05:48:20,12278.918683289185
2024-11-06 08:45:34,12287.898074533965
2024-11-06 10:25:34,12287.898074533965
2024-11-06 21:32:11,12287.898074533965
2024-11-06 22:38:54,12294.904739015496
2024-11-07 08:40:45,12294.904739015496
2024-11-07 12:32:21,12311.892058091149
2024-11-07 19:47:31,12311.892058091149
2024-11-08 00:38:20,12312.016201955588
2024-11-08 02:25:42,12318.589483475642
2024-11-08 07:02:05,12318.589483475642
2024-11-08 16:20:45,12326.053907378111
2024-11-08 18:35:41,12326.053907378111
2024-11-09 05:38:35,12326.053907378111
2024-11-09 06:14:05,12330.860043962075
2024-11-09 16:41:38,12330.860043962075
2024-11-09 18:21:10,12331.004813684889
2024-11-09 20:07:27,12340.836859410003
2024-11-10 03:55:19,12340.836859410003
2024-11-10 10:00:47,12358.595984528734
2024-11-10 15:58:27,12358.595984528734
2024-11-10 23:54:08,12365.000738453731
2024-11-11 03:59:20,12365.000738453731
2024-11-11 12:29:25,12365.104367284815
2024-11-11 13:47:30,12379.804785681325
2024-11-11 15:30:01,12379.804785681325
2024-11-12 02:41:03,12379.804785681325
2024-11-12 03:40:53,12392.31225312544
2024-11-12 14:05:16,12392.31225312544
2024-11-12 17:34:20,12399.688038335458
2024-11-13 01:29:37,12399.688038335458
2024-11-13 07:27:41,12406.763339316392
2024-11-13 07:50:15,12406.905470949472
2024-11-13 13:38:02,12406.905470949472
2024-11-13 21:21:03,12411.40213941495
2024-11-14 01:53:05,12411.40213941495
2024-11-14 11:14:24,12414.228430379451
2024-11-14 14:04:17,12414.228430379451
2024-11-15 01:07:55,12466.586211057253
2024-11-15 02:08:50,12466.717673672127
2024-11-15 02:11:45,12466.717673672127
2024-11-15 14:23:43,12466.717673672127
2024-11-15 15:01:16,12480.292316367873
2024-11-16 02:34:49,12480.292316367873
2024-11-16 04:54:38,12496.86531201182
2024-11-16 14:41:17,12496.86531201182
2024-11-16 18:48:16,12512.296760201238
2024-11-16 20:14:45,12512.390596523184
2024-11-17 02:49:17,12512.390596523184
2024-11-17 08:41:37,12524.221941262369
2024-11-17 15:01:20,12524.221941262369
2024-11-17 22:34:57,12543.719538868672
2024-11-18 02:18:15,12543.719538868672
2024-11-18 12:28:18,12551.64897506761
2024-11-18 13:43:38,12551.64897506761
2024-11-18 14:14:50,12551.81380310848
2024-11-19 01:02:32,12551.81380310848
2024-11-19 02:21:43,12577.318589244433
2024-11-19 12:45:49,12577.318589244433
2024-11-19 16:15:04,12595.434871387122
2024-11-20 00:08:34,12595.434871387122
2024-11-20 06:08:24,12611.133578024468
2024-11-20 08:22:40,12611.287434509735
2024-11-20 11:24:53,12611.287434509735
2024-11-20 20:03:03,12626.317781742004
2024-11-20 23:04:29,12626.317781742004
2024-11-21 09:56:46,12634.718896642762
2024-11-21 11:13:32,12634.718896642762
2024-11-21 23:08:21,12634.718896642762
2024-11-21 23:50:06,12667.612280469353
2024-11-22 02:30:30,12667.696101821464
2024-11-22 10:27:36,12667.696101821464
2024-11-22 13:43:28,12681.540599813097
2024-11-22 21:58:26,12681.540599813097
2024-11-23 03:36:49,12711.548423159084
2024-11-23 09:35:13,12711.548423159084
2024-11-23 17:30:09,12731.651870466976
2024-11-23 20:26:45,12731.797596664284
2024-11-23 20:58:05,12731.797596664284
2024-11-24 07:23:30,12750.682835734142
2024-11-24 08:25:13,12750.682835734142
2024-11-24 20:00:14,12750.682835734142
2024-11-24 21:16:51,12768.563180180165
2024-11-25 07:37:45,12768.563180180165
2024-11-25 11:13:18,12792.222987692481
2024-11-25 14:37:50,12792.360491139536
2024-11-25 19:20:01,12792.360491139536
2024-11-26 01:06:39,12820.226143772825
2024-11-26 06:48:40,12820.226143772825
2024-11-26 15:01:10,12833.992922787691
2024-11-26 18:16:45,12833.992922787691
2024-11-27 04:54:33,12857.021389882892
2024-11-27 05:50:55,12857.021389882892
2024-11-27 09:21:15,12857.256798775943
2024-11-27 17:19:17,12857.256798775943
2024-11-27 18:47:56,12870.635519245072
2024-11-28 04:54:24,12870.635519245072
2024-11-28 08:42:16,12878.403573179537
2024-11-28 16:37:48,12878.403573179537
2024-11-28 22:36:11,12912.778954942229
2024-11-29 04:13:48,12912.778954942229
2024-11-29 04:18:55,12912.8879963747
2024-11-29 12:29:31,12927.390811299721
2024-11-29 15:49:37,12927.390811299721
2024-11-30 02:22:53,12932.108809799405
2024-11-30 03:12:36,12932.108809799405
2024-11-30 14:34:41,12932.108809799405
2024-11-30 16:16:15,12945.859657175448
2024-11-30 23:37:05,12946.015092782261
2024-12-01 02:01:11,12946.015092782261
2024-12-01 06:09:36,12963.701145668274
2024-12-01 13:29:20,12963.701145668274
2024-12-01 20:03:09,12989.099146238972
2024-12-02 00:57:25,12989.099146238972
2024-12-02 09:57:13,12996.530279665021
2024-12-02 12:25:51,12996.530279665021
2024-12-02 18:04:05,12996.702323831974
2024-12-02 23:50:35,13067.75569227285
2024-12-02 23:57:49,13068.042863512037
2024-12-03 11:24:27,13068.042863512037
2024-12-03 13:43:57,13088.05399537908
2024-12-03 22:59:30,13088.05399537908
2024-12-04 03:37:19,13118.367630777182
2024-12-04 10:30:31,13118.367630777182
2024-12-04 11:46:30,13118.570908785427
2024-12-04 17:32:27,13146.998341119786
2024-12-04 22:07:52,13146.998341119786
2024-12-05 07:26:00,13177.308742581094
2024-12-05 10:04:01,13177.30874268762
2024-12-05 21:20:14,13202.900367961634
2024-12-05 21:40:24,13202.900367961634
2024-12-06 05:31:05,13219.377125741425
2024-12-06 09:19:29,13219.377125741425
2024-12-06 11:13:50,13236.875684880715
2024-12-06 20:50:42,13236.875684880715
2024-12-07 01:07:16,13270.110446382458
2024-12-07 08:29:12,13270.110446382458
2024-12-07 15:00:37,13294.051017939346
2024-12-07 20:53:17,13294.051017939346
2024-12-07 23:12:35,13294.215235326908
2024-12-08 04:53:57,13316.815963154293
2024-12-08 09:14:12,13316.815963154293
2024-12-08 18:47:18,13363.868189073813
2024-12-08 21:40:08,13363.868189073813
2024-12-09 08:40:39,13404.90671413217
2024-12-09 09:19:14,13404.90671413217
2024-12-09 17:19:55,13404.90671413217
2024-12-09 20:52:28,13404.90671413217
2024-12-09 22:34:00,13432.758338856296
2024-12-10 08:35:23,13432.758338856296
2024-12-10 12:27:22,13477.206328557433
2024-12-10 20:39:03,13477.206328557433
2024-12-11 02:20:43,13498.501809518055
2024-12-11 08:26:48,13498.501809518055
2024-12-11 13:28:20,13499.591043699706
2024-12-11 16:14:04,13546.52933672339
2024-12-11 20:55:22,13546.52933672339
2024-12-12 06:07:36,13569.75986391525
2024-12-12 08:52:35,13569.75986391525
2024-12-12 20:00:57,13591.961694853064
2024-12-12 21:03:15,13591.961694853064
2024-12-13 08:01:45,13592.86776597998
2024-12-13 09:21:12,13592.86776597998
2024-12-13 09:54:18,13623.124196306517
2024-12-13 21:30:15,13623.124196306517
2024-12-13 23:47:38,13680.13068164156
2024-12-14 09:43:51,13680.13068164156
2024-12-14 13:40:59,13705.463176821717
2024-12-14 21:42:48,13705.463176821717
2024-12-15 01:41:55,13717.497526198853
2024-12-15 03:34:19,13742.35382990574
2024-12-15 09:40:53,13742.35382990574
2024-12-15 17:27:40,13784.097309990751
2024-12-15 21:43:29,13784.097309990751
2024-12-16 07:21:05,13796.86593076002
2024-12-16 09:58:58,13796.86593076002
2024-12-16 19:22:20,13806.261861319097
2024-12-16 21:14:25,13835.838833070698
2024-12-16 22:24:00,13835.838833070698
2024-12-17 10:35:59,13835.838833070698
2024-12-17 11:07:46,13855.960777672433
2024-12-17 23:03:52,13855.960777672433
2024-12-18 01:01:06,13879.734072634921
2024-12-18 11:22:02,13879.734072634921
2024-12-18 13:03:30,13889.750744812338
2024-12-18 14:54:27,13906.494068140064
2024-12-18 23:40:58,13906.494068140064
2024-12-19 04:47:47,13920.50068997814
2024-12-19 11:57:43,13920.50068997814
2024-12-19 18:41:08,13956.844123030556
2024-12-20 00:09:02,13956.844123030556
2024-12-20 06:44:50,13963.815208978082
2024-12-20 08:34:28,13991.39643900064
2024-12-20 12:18:47,13991.39643900064
2024-12-20 22:27:49,14024.718181254866
2024-12-21 00:09:06,14024.718181254866
2024-12-21 12:01:14,14024.718181254866
2024-12-21 12:21:09,14050.50699329198
2024-12-22 00:03:57,14050.50699329198
2024-12-22 00:25:05,14068.102793175169
2024-12-22 02:14:30,14088.282373613729
2024-12-22 12:07:48,14088.282373613729
2024-12-22 16:07:51,14116.008383893013
2024-12-23 00:12:25,14116.008383893013
2024-12-23 06:01:11,14123.650598977676
2024-12-23 12:20:57,14123.650598977676
2024-12-23 18:31:50,14134.111928957806
2024-12-23 19:54:32,14168.520996374784
2024-12-24 00:22:40,14168.520996374784
2024-12-24 09:47:52,14185.664818329278
2024-12-24 12:20:02,14185.664818329278
2024-12-24 23:41:13,14219.48236634065
2024-12-25 00:29:35,14219.48236634065
2024-12-25 12:34:49,14219.48236634065
2024-12-25 13:00:45,14222.198851717374
2024-12-25 13:34:33,14239.310493827015
2024-12-26 00:48:21,14239.310493827015
2024-12-26 03:27:54,14260.182298937592
2024-12-26 12:56:17,14260.182298937592
2024-12-26 17:21:15,14281.519634199542
2024-12-27 01:03:57,14281.519634199542
2024-12-27 06:41:00,14294.120106429205
2024-12-27 07:14:35,14328.26847451156
2024-12-27 13:17:36,14328.26847451156
2024-12-27 21:07:56,14367.438630054294
2024-12-28 01:29:36,14367.438630054294
2024-12-28 11:01:22,14378.186774575297
2024-12-28 13:54:46,14378.186774575297
2024-12-29 00:21:30,14383.545008675344
2024-12-29 00:54:43,14393.225140252032
2024-12-29 02:03:13,14393.225140252032
2024-12-29 14:07:45,14393.225140252032
2024-12-29 14:48:05,14436.732916986919
2024-12-30 02:19:54,14436.732916986919
2024-12-30 04:47:13,14474.529399246163
2024-12-30 14:29:29,14474.529399246163
2024-12-30 18:03:30,14480.528300433714
2024-12-30 18:40:35,14520.28140882169
2024-12-31 02:42:35,14520.28140882169
2024-12-31 08:33:55,14529.693586248115
2024-12-31 14:52:54,14529.693586248115
2024-12-31 22:27:16,14571.590192593743
2025-01-01 03:02:13,14571.590192593743
2025-01-01 11:44:05,14575.999442646835
2025-01-01 12:20:36,14609.501649531847
2025-01-01 15:12:35,14609.501649531847
2025-01-02 02:14:54,14635.080519961486
2025-01-02 03:25:37,14635.080519961486
2025-01-02 15:42:29,14635.080519961486
2025-01-02 16:08:24,14635.080519961486
2025-01-03 03:55:24,14635.080519961486
2025-01-03 05:24:25,14639.98257714131
2025-01-03 06:01:44,14639.98257714131
2025-01-03 16:06:11,14639.98257714131
2025-01-03 19:55:05,14639.98257714131
2025-01-04 04:21:01,14639.98257714131
2025-01-04 09:48:25,14639.98257714131
2025-01-04 16:46:45,14639.98257714131
2025-01-04 23:04:35,14639.98257714131
2025-01-04 23:41:48,14639.98257714131
2025-01-05 05:04:30,14639.98257714131
2025-01-05 13:36:20,14639.98257714131
2025-01-05 17:30:03,14639.98257714131
2025-01-06 03:29:41,14639.98257714131
2025-01-06 05:59:36,14639.98257714131
2025-01-06 08:50:35,14639.98257714131
2025-01-06 08:54:28,14639.98257714131
2025-01-06 08:58:24,14639.98257714131
2025-01-06 09:02:16,14639.98257714131
2025-01-06 09:06:20,14639.98257714131
2025-01-06 09:06:23,14639.98257714131
2025-01-06 09:10:50,14639.98257714131
2025-01-06 09:15:11,14639.98257714131
2025-01-06 09:34:46,14639.98257714131
2025-01-06 09:34:47,14639.98257714131
2025-01-06 09:34:48,14639.98257714131
2025-01-06 09:34:49,14639.98257714131
2025-01-06 09:36:40,14639.98257714131
2025-01-06 09:38:30,14639.98257714131
2025-01-06 09:40:10,14639.98257714131
2025-01-06 09:41:55,14639.98257714131
2025-01-06 09:43:40,14639.98257714131
2025-01-06 09:45:30,14639.98257714131
2025-01-06 09:47:20,14639.98257714131
2025-01-06 09:49:03,14639.98257714131
2025-01-06 09:50:46,14639.98257714131
2025-01-06 09:52:25,14639.98257714131
2025-01-06 09:54:09,14639.98257714131
2025-01-06 09:55:55,14639.98257714131
2025-01-06 10:04:31,14639.98257714131
2025-01-06 10:04:32,14639.98257714131
2025-01-06 10:04:33,14639.98257714131
2025-01-06 10:04:34,14639.98257714131
2025-01-06 10:04:35,14639.98257714131
2025-01-06 10:04:40,14639.98257714131
2025-01-06 10:04:42,14639.98257714131
2025-01-06 10:15:31,14639.98257714131
2025-01-06 10:15:32,14639.98257714131
2025-01-06 10:15:33,14639.98257714131
2025-01-06 10:15:34,14639.98257714131
2025-01-06 10:15:35,14639.98257714131
2025-01-06 10:15:39,14639.98257714131
2025-01-06 10:15:40,14639.98257714131
