51217248,2024-03-10 01:46:18,0.0
51242249,2024-03-10 14:09:05,0.0
51267250,2024-03-11 02:33:40,0.0
51292251,2024-03-11 14:53:03,0.0
51317252,2024-03-12 03:43:20,0.0
51342253,2024-03-12 16:02:57,0.0
51367254,2024-03-13 04:32:22,0.0
51392255,2024-03-13 16:39:44,0.0
51417256,2024-03-14 06:05:35,0.0
51442257,2024-03-14 18:31:33,0.0
51467258,2024-03-15 06:41:39,0.0
51492259,2024-03-15 19:08:12,0.0
51517260,2024-03-16 07:14:40,0.0
51542261,2024-03-16 19:10:05,0.0
51567262,2024-03-17 07:05:29,0.0
51592263,2024-03-17 19:13:55,0.0
51617264,2024-03-18 07:09:47,0.0
51642265,2024-03-18 19:10:37,0.0
51667266,2024-03-19 07:06:36,0.0
51692267,2024-03-19 19:01:56,0.0
51717268,2024-03-20 06:55:12,0.0
51742269,2024-03-20 18:51:11,0.0
51767270,2024-03-21 06:43:34,0.0
51792271,2024-03-21 18:41:03,0.0
51817272,2024-03-22 06:32:40,0.02905992457366307
51842273,2024-03-22 18:28:10,0.0821434504140138
51867274,2024-03-23 06:22:05,0.20157278460941658
51892275,2024-03-23 18:22:58,0.2397514447295027
51917276,2024-03-24 06:12:54,0.387892592207568
51942277,2024-03-24 18:04:35,0.4538782633744726
51967278,2024-03-25 05:54:34,0.690312362334535
51992279,2024-03-25 17:44:33,0.690312362334535
52017280,2024-03-26 05:38:01,0.690312362334535
52042281,2024-03-26 17:33:19,1.2708486876103202
52067282,2024-03-27 05:28:51,1.606156018162453
52092283,2024-03-27 17:25:45,1.96677597919191
52117284,2024-03-28 05:20:48,1.96677597919191
52142285,2024-03-28 17:09:53,2.419773077510812
52167286,2024-03-29 04:58:10,2.8269891816325217
52192287,2024-03-29 16:47:00,2.8269891816325217
52217288,2024-03-30 04:36:49,2.8269891816325217
52242289,2024-03-30 16:27:17,2.8269891816325217
52267290,2024-03-31 04:18:26,3.6893441479041167
52292291,2024-03-31 16:26:58,4.0934992267933685
52317292,2024-04-01 04:24:08,4.0934992267933685
52342293,2024-04-01 16:22:59,4.718930774246714
52367294,2024-04-02 04:25:12,5.011705300564777
52392295,2024-04-02 16:21:54,5.198179608524076
52417296,2024-04-03 04:20:43,5.359686957860147
52442297,2024-04-03 16:19:59,5.359686957860147
52467298,2024-04-04 04:17:59,6.111302286268969
52492299,2024-04-04 16:18:34,6.2849147160287355
52517300,2024-04-05 04:20:05,6.2849147160287355
52542301,2024-04-05 16:23:00,6.2849147160287355
52567302,2024-04-06 04:26:22,6.2849147160287355
52592303,2024-04-06 16:25:31,7.521322088912987
52617304,2024-04-07 04:20:18,7.975577947408961
52642305,2024-04-07 16:21:01,7.975577947408961
52667306,2024-04-08 04:20:18,7.975577947408961
52692307,2024-04-08 16:36:25,8.98859398603675
52717308,2024-04-09 04:32:54,9.208420852824785
52742309,2024-04-09 16:29:43,9.208420852824785
52767310,2024-04-10 04:20:59,9.208420852824785
52792311,2024-04-10 16:16:48,9.208420852824785
52817312,2024-04-11 04:11:46,10.538861583902424
52842313,2024-04-11 16:11:33,10.641434693483685
52867314,2024-04-12 04:05:16,10.880005166983828
52892315,2024-04-12 16:03:55,11.263812567984136
52917316,2024-04-13 03:58:45,11.263812567984136
52942317,2024-04-13 15:51:34,11.263812567984136
52967318,2024-04-14 03:48:10,11.263812567984136
52992319,2024-04-14 15:46:44,12.64735962880298
53017320,2024-04-15 03:50:42,12.778138278611513
53042321,2024-04-15 15:56:04,13.433609118011885
53067322,2024-04-16 03:50:26,13.760150661355754
53092323,2024-04-16 15:56:34,13.983027738884363
53117324,2024-04-17 04:10:16,13.983027738884363
53142325,2024-04-17 16:13:21,15.038894375908722
53167326,2024-04-18 04:25:40,15.631891698563544
53192327,2024-04-18 16:52:31,16.016160451664767
53217328,2024-04-19 04:51:56,16.22665738132461
53242329,2024-04-19 16:49:24,16.620310851111537
53267330,2024-04-20 04:50:08,16.868095299467658
53292331,2024-04-20 16:58:16,16.868095299467658
53317332,2024-04-21 05:07:41,16.868095299467658
53342333,2024-04-21 17:13:36,16.868095299467658
53367334,2024-04-22 05:06:09,16.868095299467658
53392335,2024-04-22 17:05:21,18.423833340536152
53417336,2024-04-23 05:36:35,18.68714164386746
53442337,2024-04-23 17:37:33,18.68714164386746
53467338,2024-04-24 06:03:24,19.66233411700515
53492339,2024-04-24 18:35:22,19.981687632256605
53517340,2024-04-25 06:30:11,19.981687632256605
53542341,2024-04-25 18:51:39,20.44873366524181
53567342,2024-04-26 08:00:14,21.028130452519648
53592343,2024-04-26 20:17:53,21.28548601236726
53617344,2024-04-27 08:43:42,21.28548601236726
53642345,2024-04-27 20:54:45,21.28548601236726
53667346,2024-04-28 09:11:42,21.28548601236726
53692347,2024-04-28 21:31:55,23.262727789861117
53717348,2024-04-29 09:35:47,23.262727789861117
53742349,2024-04-29 22:15:10,23.262727789861117
53767350,2024-04-30 11:10:04,23.262727789861117
53792351,2024-05-01 00:18:39,23.262727789861117
53817352,2024-05-01 13:25:16,23.262727789861117
53842353,2024-05-02 02:26:33,26.445701520464574
53867354,2024-05-02 15:23:44,26.445701520464574
53892355,2024-05-03 03:47:09,26.445701520464574
53917356,2024-05-03 15:42:12,27.59967736505236
53942357,2024-05-04 03:40:40,28.255602257049024
53967358,2024-05-04 15:42:55,28.58885613382925
53992359,2024-05-05 03:46:54,28.58885613382925
54017360,2024-05-05 16:10:06,29.279789623206963
54042361,2024-05-06 04:47:44,29.840694433311615
54067362,2024-05-06 17:31:04,29.840694433311615
54092363,2024-05-07 06:12:07,30.703651881160933
54117364,2024-05-07 18:36:57,30.703651881160933
54142365,2024-05-08 07:18:45,31.336965147825246
54167366,2024-05-08 19:59:57,31.857564337839566
54192367,2024-05-09 07:51:45,32.27751472521888
54217368,2024-05-09 19:43:41,32.27751472521888
54242369,2024-05-10 07:28:03,33.14903663571261
54267370,2024-05-10 19:20:34,33.56818678238523
54292371,2024-05-11 07:07:34,33.99829497764872
54317372,2024-05-11 19:03:54,34.45474249013289
54342373,2024-05-12 06:37:58,34.95751566280154
54367374,2024-05-12 18:18:52,34.95751566280154
54392375,2024-05-13 05:55:53,35.55145056175107
54417376,2024-05-13 17:40:03,36.08407688382773
54442377,2024-05-14 05:15:59,36.54710464198526
54467378,2024-05-14 17:07:35,36.86713208512851
54492379,2024-05-15 04:44:05,37.14976639199329
54517380,2024-05-15 16:30:19,37.74150086499784
54542381,2024-05-16 04:12:34,38.317476602586794
54567382,2024-05-16 15:52:21,38.317476602586794
54592383,2024-05-17 03:26:51,38.974171735809236
54617384,2024-05-17 15:18:43,39.44963221151795
54642385,2024-05-18 03:02:15,39.89414017866868
54667386,2024-05-18 14:50:41,40.14984460651152
54692387,2024-05-19 02:26:43,40.14984460651152
54717388,2024-05-19 14:07:14,41.234319790569536
54742389,2024-05-20 01:43:11,41.33679450331683
54767390,2024-05-20 13:18:24,41.896529430341296
54792391,2024-05-21 00:51:29,42.50632497500025
54817392,2024-05-21 12:24:01,42.50632497500025
54842393,2024-05-22 00:01:37,43.37784264268573
54867394,2024-05-22 11:39:34,43.78655198983925
54892395,2024-05-22 23:58:13,44.04952217984591
54917396,2024-05-23 12:16:11,44.332261776295255
54942397,2024-05-24 00:31:01,44.41355306049265
54967398,2024-05-24 12:44:36,44.82827400351364
54992399,2024-05-25 00:59:53,44.82827400351364
55017400,2024-05-25 13:17:11,45.399979606684305
55042401,2024-05-26 01:35:38,45.510645257968285
55067402,2024-05-26 13:54:13,45.81636881350669
55092403,2024-05-27 02:12:56,46.13858839764651
55117404,2024-05-27 14:33:45,46.13858839764651
55142405,2024-05-28 02:50:26,46.67933944092839
55167406,2024-05-28 15:08:10,47.06419950091686
55192407,2024-05-29 03:15:58,47.06419950091686
55217408,2024-05-29 15:03:47,47.06419950091686
55242409,2024-05-30 03:06:15,47.777260041427986
55267410,2024-05-30 15:19:36,48.006307807737
55292411,2024-05-31 03:15:40,48.384146017888646
55317412,2024-05-31 15:16:30,48.49634350362106
55342413,2024-06-01 03:04:10,48.49634350362106
55367414,2024-06-01 14:51:41,49.15528877267491
55392415,2024-06-02 02:42:31,49.15528877267491
55417416,2024-06-02 14:30:30,49.7129029605989
55442417,2024-06-03 02:16:35,49.7129029605989
55467418,2024-06-03 14:10:40,49.7129029605989
55492419,2024-06-04 01:56:36,50.41790604818395
55517420,2024-06-04 13:43:28,50.41790604818395
55542421,2024-06-05 02:14:00,50.41790604818395
55567422,2024-06-05 13:58:53,51.21138370310506
55592423,2024-06-06 01:47:10,51.52737083950806
55617424,2024-06-06 14:01:31,51.82965172178427
55642425,2024-06-07 01:59:11,51.82965172178427
55667426,2024-06-07 13:43:03,52.32379292550324
55692427,2024-06-08 01:21:41,52.45169143854142
55717428,2024-06-08 12:57:42,52.45169143854142
55742429,2024-06-09 00:30:25,53.188383046791735
55767430,2024-06-09 12:01:06,53.188383046791735
55792431,2024-06-09 23:32:50,53.99482218815868
55817432,2024-06-10 11:04:07,53.99482218815868
55842433,2024-06-10 22:54:35,53.99482218815868
55867434,2024-06-11 11:06:10,55.307936641693544
55892435,2024-06-11 23:19:51,55.737514084064614
55917436,2024-06-12 11:30:30,55.737514084064614
55942437,2024-06-12 23:42:09,56.43052606024892
55967438,2024-06-13 11:56:37,56.43052606024892
55992439,2024-06-14 00:11:07,56.43052606024892
56017440,2024-06-14 12:32:02,57.999647236363046
56042441,2024-06-15 00:45:56,58.085460008724525
56067442,2024-06-15 13:02:58,58.944666327525155
56092443,2024-06-16 01:18:04,58.944666327525155
56117444,2024-06-16 13:32:53,58.944666327525155
56142445,2024-06-17 01:41:32,60.19551327231544
56167446,2024-06-17 13:53:17,60.19551327231544
56192447,2024-06-18 02:03:21,60.19551327231544
56217448,2024-06-18 14:29:39,61.52743571651959
56242449,2024-06-19 02:40:32,62.08218285314113
56267450,2024-06-19 14:53:40,62.08218285314113
56292451,2024-06-20 02:39:36,62.08218285314113
56317452,2024-06-20 14:16:26,62.08218285314113
56342453,2024-06-21 01:48:37,62.08218285314113
56367454,2024-06-21 13:22:33,63.95728110053306
56392455,2024-06-22 00:54:50,63.95728110053306
56417456,2024-06-22 12:24:05,64.91750096062479
56442457,2024-06-23 00:00:55,65.13431029481065
56467458,2024-06-23 11:25:38,65.13431029481065
56492459,2024-06-23 22:45:53,65.13431029481065
56517460,2024-06-24 10:09:12,65.64769450696858
56542461,2024-06-24 21:33:53,65.8597282848211
56567462,2024-06-25 08:50:57,65.8597282848211
56592463,2024-06-25 20:15:46,65.8597282848211
56617464,2024-06-26 07:39:48,65.8597282848211
56642465,2024-06-26 19:19:18,65.8597282848211
56667466,2024-06-27 07:14:40,66.12220534644787
56692467,2024-06-27 19:16:19,66.12220534644787
56717468,2024-06-28 06:39:29,66.12220534644787
56742469,2024-06-28 18:01:21,66.12220534644787
56767470,2024-06-29 05:26:49,66.12220534644787
56792471,2024-06-29 16:49:23,66.12220534644787
56817472,2024-06-30 04:08:46,66.12220534644787
56842473,2024-06-30 15:29:39,66.12220534644787
56867474,2024-07-01 02:52:08,66.12220534644787
56892475,2024-07-01 14:17:16,66.12220534644787
56917476,2024-07-02 01:39:06,66.12220534644787
56942477,2024-07-02 13:04:50,66.12220534644787
56967478,2024-07-03 00:31:23,66.72942617751703
56992479,2024-07-03 11:50:09,66.79946949282352
57017480,2024-07-03 23:09:04,66.80142753494468
57042481,2024-07-04 10:29:26,66.80142753494468
57067482,2024-07-04 21:52:36,66.80142753494468
57092483,2024-07-05 09:13:38,66.80142753494468
57117484,2024-07-05 20:37:29,66.80142753494468
57142485,2024-07-06 07:54:09,66.80142753494468
57167486,2024-07-06 19:07:15,66.80142753494468
57192487,2024-07-07 06:28:33,66.80142753494468
57217488,2024-07-07 17:50:06,66.82565708396744
57242489,2024-07-08 05:29:59,66.83250932421386
57267490,2024-07-08 17:17:25,66.83250932421386
57292491,2024-07-09 04:36:04,66.83250932421386
57317492,2024-07-09 15:56:26,66.83250932421386
57342493,2024-07-10 03:12:34,66.83250932421386
57367494,2024-07-10 14:32:12,66.83250932421386
57392495,2024-07-11 01:51:17,66.83250932421386
57417496,2024-07-11 13:08:59,67.0981642427159
57442497,2024-07-12 00:24:27,67.0981642427159
57467498,2024-07-12 11:42:39,67.0981642427159
57492499,2024-07-12 23:09:01,67.0981642427159
57517500,2024-07-13 10:39:58,67.0981642427159
57542501,2024-07-13 22:00:49,67.0981642427159
57567502,2024-07-14 09:24:49,67.0981642427159
57592503,2024-07-14 20:46:56,67.0981642427159
57617504,2024-07-15 08:11:05,67.0981642427159
57642505,2024-07-15 19:40:12,67.0981642427159
57667506,2024-07-16 07:07:27,67.0981642427159
57692507,2024-07-16 18:40:06,67.0981642427159
57717508,2024-07-17 06:11:02,67.0981642427159
57742509,2024-07-17 17:35:56,67.0981642427159
57767510,2024-07-18 04:59:23,67.0981642427159
57792511,2024-07-18 16:27:21,67.0981642427159
57817512,2024-07-19 03:58:13,67.0981642427159
57842513,2024-07-19 15:26:33,67.74980524086976
57867514,2024-07-20 03:03:42,67.74980524086976
57892515,2024-07-20 14:34:50,67.74980524086976
57917516,2024-07-21 02:01:28,67.74980524086976
57942517,2024-07-21 13:42:22,67.74980524086976
57967518,2024-07-22 01:13:03,67.93931759522573
57992519,2024-07-22 12:46:04,68.00195692850112
58017520,2024-07-23 00:13:23,68.0199692287892
58042521,2024-07-23 12:28:51,68.0199692287892
58067522,2024-07-23 23:53:51,68.0199692287892
58092523,2024-07-24 11:17:33,68.14925259126998
58117524,2024-07-24 22:40:57,68.14925259126998
58142525,2024-07-25 10:02:25,68.14925259126998
58167526,2024-07-25 21:28:23,68.14925259126998
58192527,2024-07-26 08:47:49,68.14925259126998
58217528,2024-07-26 20:08:35,68.14925259126998
58242529,2024-07-27 07:31:44,68.14925259126998
58267530,2024-07-27 18:52:35,68.14925259126998
58292531,2024-07-28 06:15:09,68.14925259126998
58317532,2024-07-28 17:41:38,68.14925259126998
58342533,2024-07-29 05:06:23,68.14925259126998
58367534,2024-07-29 16:32:23,68.60217626998315
58392535,2024-07-30 03:58:46,68.60217626998315
58417536,2024-07-30 15:35:36,68.60217626998315
58442537,2024-07-31 02:59:35,68.60217626998315
58467538,2024-07-31 14:27:40,68.66059430890127
58492539,2024-08-01 04:26:42,68.66059430890127
58517540,2024-08-01 16:39:15,68.66059430890127
58542541,2024-08-02 04:00:10,68.66059430890127
58567542,2024-08-02 15:23:12,68.66059430890127
58592543,2024-08-03 02:52:35,68.66059430890127
58617544,2024-08-03 14:19:06,68.66059430890127
58642545,2024-08-04 01:50:47,68.66059430890127
58667546,2024-08-04 13:15:54,68.66059430890127
58692547,2024-08-05 00:41:28,68.66059430890127
58717548,2024-08-05 12:11:35,68.66059430890127
58742549,2024-08-05 23:42:54,68.66059430890127
58767550,2024-08-06 11:10:56,68.66059430890127
58792551,2024-08-06 22:37:24,68.66059430890127
58817552,2024-08-07 10:02:40,68.66059430890127
58842553,2024-08-07 21:27:41,68.66059430890127
58867554,2024-08-08 08:53:13,68.66059430890127
58892555,2024-08-08 20:18:11,68.66059430890127
58917556,2024-08-09 07:43:51,68.66059430890127
58942557,2024-08-09 19:06:07,68.66059430890127
58967558,2024-08-10 06:24:49,68.66059430890127
58992559,2024-08-10 18:01:35,68.66059430890127
59017560,2024-08-11 05:29:17,68.66059430890127
59042561,2024-08-11 16:57:12,68.66059430890127
59067562,2024-08-12 04:13:13,68.66059430890127
59092563,2024-08-12 15:31:05,68.66059430890127
59117564,2024-08-13 02:49:49,68.66059430890127
59142565,2024-08-13 14:09:05,68.66059430890127
59167566,2024-08-14 01:28:02,68.66059430890127
59192567,2024-08-14 12:51:38,68.66059430890127
59217568,2024-08-15 00:28:22,68.66059430890127
59242569,2024-08-15 11:52:36,68.66059430890127
59267570,2024-08-15 23:10:56,68.66059430890127
59292571,2024-08-16 10:59:48,68.66059430890127
59317572,2024-08-16 23:04:12,68.66059430890127
59342573,2024-08-17 11:06:30,68.66059430890127
59367574,2024-08-17 22:28:20,68.66059430890127
59392575,2024-08-18 09:52:57,68.66059430890127
59417576,2024-08-18 21:13:18,68.66059430890127
59442577,2024-08-19 08:31:55,68.66059430890127
59467578,2024-08-19 19:51:24,68.66059430890127
59492579,2024-08-20 07:10:28,68.66059430890127
59517580,2024-08-20 18:33:00,68.66059430890127
59542581,2024-08-21 05:56:15,68.66059430890127
59567582,2024-08-21 17:30:38,68.66059430890127
59592583,2024-08-22 04:58:37,68.66059430890127
59617584,2024-08-22 16:18:40,68.66059430890127
59642585,2024-08-23 03:37:09,68.66059430890127
59667586,2024-08-23 15:05:18,68.66059430890127
59692587,2024-08-24 02:22:04,68.66059430890127
59717588,2024-08-24 13:41:43,68.66059430890127
59742589,2024-08-25 00:58:40,68.66059430890127
59767590,2024-08-25 12:15:18,68.66059430890127
59792591,2024-08-25 23:36:09,68.66059430890127
59817592,2024-08-26 10:57:33,68.66059430890127
59842593,2024-08-26 22:22:06,68.66059430890127
59867594,2024-08-27 09:48:18,68.66059430890127
59892595,2024-08-27 21:10:32,68.66059430890127
59917596,2024-08-28 08:28:00,68.66059430890127
59942597,2024-08-28 19:46:01,68.66059430890127
59967598,2024-08-29 07:03:23,68.66059430890127
59992599,2024-08-29 18:34:38,68.66059430890127
60017600,2024-08-30 05:59:43,68.66059430890127
60042601,2024-08-30 17:17:44,68.66059430890127
60067602,2024-08-31 04:36:00,68.66059430890127
60092603,2024-08-31 15:52:37,68.66059430890127
60117604,2024-09-01 03:15:58,68.66059430890127
60142605,2024-09-01 14:37:03,68.66059430890127
60167606,2024-09-02 01:56:18,68.66059430890127
60192607,2024-09-02 13:54:47,68.66059430890127
60217608,2024-09-03 01:16:33,68.66059430890127
60242609,2024-09-03 12:32:21,68.66059430890127
60267610,2024-09-03 23:48:02,68.66059430890127
60292611,2024-09-04 11:04:22,68.66059430890127
60317612,2024-09-04 22:39:51,68.66059430890127
60342613,2024-09-05 09:58:37,68.66059430890127
60367614,2024-09-05 21:22:03,68.66059430890127
60392615,2024-09-06 08:41:09,68.66059430890127
60417616,2024-09-06 20:02:00,68.66059430890127
60442617,2024-09-07 07:26:24,68.66059430890127
60467618,2024-09-07 18:50:33,68.66059430890127
60492619,2024-09-08 06:07:23,68.66059430890127
60517620,2024-09-08 17:25:09,68.66059430890127
60542621,2024-09-09 04:45:19,68.66059430890127
60567622,2024-09-09 16:04:02,68.66059430890127
60592623,2024-09-10 03:22:54,68.66059430890127
60617624,2024-09-10 14:39:29,68.66059430890127
60642625,2024-09-11 01:57:20,68.66059430890127
60667626,2024-09-11 13:12:18,68.66059430890127
60692627,2024-09-12 00:29:51,68.66059430890127
60717628,2024-09-12 11:48:52,68.66059430890127
60742629,2024-09-12 23:03:46,68.66059430890127
60767630,2024-09-13 10:18:35,68.66059430890127
60792631,2024-09-13 21:38:27,68.66059430890127
60817632,2024-09-14 09:00:37,68.66059430890127
60842633,2024-09-14 20:23:14,68.66059430890127
60867634,2024-09-15 07:46:04,68.66059430890127
60892635,2024-09-15 19:00:31,68.66059430890127
60917636,2024-09-16 06:16:32,68.66059430890127
60942637,2024-09-16 17:38:54,68.66059430890127
60967638,2024-09-17 04:50:16,68.66059430890127
60992639,2024-09-17 16:05:17,68.66059430890127
61017640,2024-09-18 03:18:21,68.66059430890127
61042641,2024-09-18 14:43:40,68.66059430890127
61067642,2024-09-19 02:14:01,68.66059430890127
61092643,2024-09-19 13:34:00,68.66059430890127
61117644,2024-09-20 01:22:11,68.66059430890127
61142645,2024-09-20 13:11:22,68.66059430890127
61167646,2024-09-21 00:29:13,68.66059430890127
61192647,2024-09-21 11:47:34,68.66059430890127
61217648,2024-09-21 23:04:13,68.9596409957197
61242649,2024-09-22 10:22:17,68.9596409957197
61267650,2024-09-22 21:32:18,68.9596409957197
61292651,2024-09-23 08:47:26,68.9596409957197
61317652,2024-09-23 20:06:04,68.9596409957197
61342653,2024-09-24 07:24:56,68.9596409957197
61367654,2024-09-24 18:53:45,68.9596409957197
61392655,2024-09-25 06:38:11,68.9596409957197
61417656,2024-09-25 19:13:15,68.9596409957197
61442657,2024-09-26 07:08:08,68.9596409957197
61467658,2024-09-26 18:43:31,68.9596409957197
61492659,2024-09-27 05:59:11,68.9596409957197
61517660,2024-09-27 17:15:30,68.9596409957197
61542661,2024-09-28 04:41:29,68.9596409957197
61567662,2024-09-28 15:55:56,68.9596409957197
61592663,2024-09-29 03:26:58,68.9596409957197
61617664,2024-09-29 14:43:33,68.9596409957197
61642665,2024-09-30 01:54:53,68.9596409957197
61667666,2024-09-30 13:08:48,68.9596409957197
61692667,2024-10-01 00:30:07,68.9596409957197
61717668,2024-10-01 11:38:58,68.9596409957197
61742669,2024-10-01 22:47:06,68.9596409957197
61767670,2024-10-02 10:00:04,68.9596409957197
61792671,2024-10-02 21:12:40,68.9596409957197
61817672,2024-10-03 08:28:07,68.9596409957197
61842673,2024-10-03 19:36:47,68.9596409957197
61867674,2024-10-04 06:49:43,68.9596409957197
61892675,2024-10-04 17:59:22,68.9596409957197
61917676,2024-10-05 05:14:52,68.9596409957197
61942677,2024-10-05 16:39:29,68.9596409957197
61967678,2024-10-06 04:03:21,68.9596409957197
61992679,2024-10-06 15:37:31,68.9596409957197
62017680,2024-10-07 03:05:01,68.9596409957197
62042681,2024-10-07 14:23:46,68.9596409957197
62067682,2024-10-08 01:38:02,68.9596409957197
62092683,2024-10-08 12:55:45,68.9596409957197
62117684,2024-10-09 00:22:28,68.9596409957197
62142685,2024-10-09 11:44:59,68.9596409957197
62167686,2024-10-09 23:07:04,68.9596409957197
62192687,2024-10-10 10:29:39,68.9596409957197
62217688,2024-10-10 21:57:34,68.9596409957197
62242689,2024-10-11 09:22:28,68.9596409957197
62267690,2024-10-11 20:36:30,68.9596409957197
62292691,2024-10-12 07:58:03,68.9596409957197
62317692,2024-10-12 19:11:37,68.9596409957197
62342693,2024-10-13 06:26:16,68.9596409957197
62367694,2024-10-13 17:40:06,68.9596409957197
62392695,2024-10-14 04:52:43,68.9596409957197
62417696,2024-10-14 16:12:02,68.9596409957197
62442697,2024-10-15 03:38:58,68.9596409957197
62467698,2024-10-15 15:02:21,68.9596409957197
62492699,2024-10-16 02:12:25,68.9596409957197
62517700,2024-10-16 13:50:00,68.9596409957197
62542701,2024-10-17 01:24:59,68.9596409957197
62567702,2024-10-17 13:06:58,68.9596409957197
62592703,2024-10-18 00:25:36,68.9596409957197
62617704,2024-10-18 11:42:10,68.9596409957197
62642705,2024-10-18 22:58:35,68.9596409957197
62667706,2024-10-19 10:19:48,68.9596409957197
62692707,2024-10-19 21:33:43,68.9596409957197
62717708,2024-10-20 09:14:08,68.9596409957197
62742709,2024-10-20 20:29:52,68.9596409957197
62767710,2024-10-21 07:37:49,68.9596409957197
62792711,2024-10-21 18:49:47,68.9596409957197
62817712,2024-10-22 06:03:54,68.9596409957197
62842713,2024-10-22 17:16:20,68.9596409957197
62867714,2024-10-23 04:28:20,68.9596409957197
62892715,2024-10-23 15:49:29,68.9596409957197
62917716,2024-10-24 03:17:06,68.9596409957197
62942717,2024-10-24 15:10:52,68.9596409957197
62967718,2024-10-25 02:44:05,68.9596409957197
62992719,2024-10-25 13:54:15,68.9596409957197
63017720,2024-10-26 01:03:36,68.9596409957197
63042721,2024-10-26 12:22:50,68.9596409957197
63067722,2024-10-26 23:28:58,68.9596409957197
63092723,2024-10-27 11:01:30,68.9596409957197
63117724,2024-10-27 22:59:51,68.9596409957197
63142725,2024-10-28 10:38:32,68.9596409957197
63167726,2024-10-28 22:45:10,68.9596409957197
63192727,2024-10-29 10:20:21,68.9596409957197
63217728,2024-10-29 21:30:41,68.9596409957197
63242729,2024-10-30 08:49:29,68.9596409957197
63267730,2024-10-30 19:58:27,68.9596409957197
63292731,2024-10-31 07:05:05,68.9596409957197
63317732,2024-10-31 18:14:15,68.9596409957197
63342733,2024-11-01 06:01:35,68.9596409957197
63367734,2024-11-01 17:37:42,68.9596409957197
63392735,2024-11-02 04:42:58,68.9596409957197
63417736,2024-11-02 15:55:06,68.9596409957197
63442737,2024-11-03 03:52:05,68.9596409957197
63467738,2024-11-03 15:06:33,68.9596409957197
63492739,2024-11-04 02:19:08,68.9596409957197
63517740,2024-11-04 13:34:25,68.9596409957197
63542741,2024-11-05 00:48:28,68.9596409957197
63567742,2024-11-05 12:05:36,68.9596409957197
63592743,2024-11-05 23:17:44,68.9596409957197
63617744,2024-11-06 10:25:34,68.9596409957197
63642745,2024-11-06 21:32:11,68.9596409957197
63667746,2024-11-07 08:40:45,68.9596409957197
63692747,2024-11-07 19:47:31,68.9596409957197
63717748,2024-11-08 07:02:05,68.9596409957197
63742749,2024-11-08 18:35:41,68.9596409957197
63767750,2024-11-09 05:38:35,68.9596409957197
63792751,2024-11-09 16:41:38,68.9596409957197
63817752,2024-11-10 03:55:19,68.9596409957197
63842753,2024-11-10 15:58:27,68.9596409957197
63867754,2024-11-11 03:59:20,68.9596409957197
63892755,2024-11-11 15:30:01,68.9596409957197
63917756,2024-11-12 02:41:03,68.9596409957197
63942757,2024-11-12 14:05:16,68.9596409957197
63967758,2024-11-13 01:29:37,68.9596409957197
63992759,2024-11-13 13:38:02,68.9596409957197
64017760,2024-11-14 01:53:05,68.9596409957197
64042761,2024-11-14 14:04:17,68.9596409957197
64067762,2024-11-15 02:11:45,68.9596409957197
64092763,2024-11-15 14:23:43,68.9596409957197
64117764,2024-11-16 02:34:49,68.9596409957197
64142765,2024-11-16 14:41:17,68.9596409957197
64167766,2024-11-17 02:49:17,68.9596409957197
64192767,2024-11-17 15:01:20,68.9596409957197
64217768,2024-11-18 02:18:15,68.9596409957197
64242769,2024-11-18 13:43:38,68.9596409957197
64267770,2024-11-19 01:02:32,68.9596409957197
64292771,2024-11-19 12:45:49,68.9596409957197
64317772,2024-11-20 00:08:34,68.9596409957197
64342773,2024-11-20 11:24:53,68.9596409957197
64367774,2024-11-20 23:04:29,68.9596409957197
64392775,2024-11-21 11:13:32,68.9596409957197
64417776,2024-11-21 23:08:21,68.9596409957197
64442777,2024-11-22 10:27:36,68.9596409957197
64467778,2024-11-22 21:58:26,68.9596409957197
64492779,2024-11-23 09:35:13,68.9596409957197
64517780,2024-11-23 20:58:05,68.9596409957197
64542781,2024-11-24 08:25:13,68.9596409957197
64567782,2024-11-24 20:00:14,68.9596409957197
64592783,2024-11-25 07:37:45,68.9596409957197
64617784,2024-11-25 19:20:01,68.9596409957197
64642785,2024-11-26 06:48:40,68.9596409957197
64667786,2024-11-26 18:16:45,68.9596409957197
64692787,2024-11-27 05:50:55,68.9596409957197
64717788,2024-11-27 17:19:17,68.9596409957197
64742789,2024-11-28 04:54:24,68.9596409957197
64767790,2024-11-28 16:37:48,68.9596409957197
64792791,2024-11-29 04:13:48,68.9596409957197
64817792,2024-11-29 15:49:37,68.9596409957197
64842793,2024-11-30 03:12:36,68.9596409957197
64867794,2024-11-30 14:34:41,68.9596409957197
64892795,2024-12-01 02:01:11,68.9596409957197
64917796,2024-12-01 13:29:20,68.9596409957197
64942797,2024-12-02 00:57:25,68.9596409957197
64967798,2024-12-02 12:25:51,68.9596409957197
64992799,2024-12-02 23:57:49,69.47253106501597
65017800,2024-12-03 11:24:27,69.47253106501597
65042801,2024-12-03 22:59:30,69.47253106501597
65067802,2024-12-04 10:30:31,69.47253106501597
65092803,2024-12-04 22:07:52,69.47253106501597
65117804,2024-12-05 10:04:01,69.47253106501597
65142805,2024-12-05 21:40:24,69.47253106501597
65167806,2024-12-06 09:19:29,69.47253106501597
65192807,2024-12-06 20:50:42,69.47253106501597
65217808,2024-12-07 08:29:12,69.47253106501597
65242809,2024-12-07 20:53:17,69.47253106501597
65267810,2024-12-08 09:14:12,69.47253106501597
65292811,2024-12-08 21:40:08,69.47253106501597
65317812,2024-12-09 09:19:14,69.47253106501597
65342813,2024-12-09 20:52:28,69.47253106501597
65367814,2024-12-10 08:35:23,69.47253106501597
65392815,2024-12-10 20:39:03,69.47253106501597
65417816,2024-12-11 08:26:48,69.47253106501597
65442817,2024-12-11 20:55:22,69.47253106501597
65467818,2024-12-12 08:52:35,69.47253106501597
65492819,2024-12-12 21:03:15,69.47253106501597
65517820,2024-12-13 09:21:12,69.47253106501597
65542821,2024-12-13 21:30:15,69.47253106501597
65567822,2024-12-14 09:43:51,69.47253106501597
65592823,2024-12-14 21:42:48,69.47253106501597
65617824,2024-12-15 09:40:53,69.47253106501597
65642825,2024-12-15 21:43:29,69.47253106501597
65667826,2024-12-16 09:58:58,69.47253106501597
65692827,2024-12-16 22:24:00,69.47253106501597
65717828,2024-12-17 10:35:59,69.47253106501597
65742829,2024-12-17 23:03:52,69.47253106501597
65767830,2024-12-18 11:22:02,69.47253106501597
65792831,2024-12-18 23:40:58,69.47253106501597
65817832,2024-12-19 11:57:43,69.47253106501597
65842833,2024-12-20 00:09:02,69.47253106501597
65867834,2024-12-20 12:18:47,69.47253106501597
65892835,2024-12-21 00:09:06,69.47253106501597
65917836,2024-12-21 12:01:14,69.47253106501597
65942837,2024-12-22 00:03:57,69.47253106501597
65967838,2024-12-22 12:07:48,69.47253106501597
65992839,2024-12-23 00:12:25,69.47253106501597
66017840,2024-12-23 12:20:57,69.47253106501597
66042841,2024-12-24 00:22:40,69.47253106501597
66067842,2024-12-24 12:20:02,69.47253106501597
66092843,2024-12-25 00:29:35,69.47253106501597
66117844,2024-12-25 12:34:49,69.47253106501597
66142845,2024-12-26 00:48:21,69.47253106501597
66167846,2024-12-26 12:56:17,69.47253106501597
66192847,2024-12-27 01:03:57,69.47253106501597
66217848,2024-12-27 13:17:36,69.47253106501597
66242849,2024-12-28 01:29:36,69.47253106501597
66267850,2024-12-28 13:54:46,69.47253106501597
66292851,2024-12-29 02:03:13,69.47253106501597
66317852,2024-12-29 14:07:45,69.47253106501597
66342853,2024-12-30 02:19:54,69.47253106501597
66367854,2024-12-30 14:29:29,69.47253106501597
66392855,2024-12-31 02:42:35,69.47253106501597
66417856,2024-12-31 14:52:54,69.47253106501597
66442857,2025-01-01 03:02:13,69.47253106501597
66467858,2025-01-01 15:12:35,69.47253106501597
66492859,2025-01-02 03:25:37,69.47253106501597
66517860,2025-01-02 15:42:29,69.47253106501597
66542861,2025-01-03 03:55:24,69.47253106501597
66567862,2025-01-03 16:06:11,69.47253106501597
66592863,2025-01-04 04:21:01,69.47253106501597
66617864,2025-01-04 16:46:45,69.47253106501597
66642865,2025-01-05 05:04:30,69.47253106501597
66667866,2025-01-05 17:30:03,69.47253106501597
66692867,2025-01-06 05:59:36,69.47253106501597
66700589,2025-01-06 09:50:46,69.47253106501597
66701062,2025-01-06 10:04:40,69.47253106501597
66701436,2025-01-06 10:15:39,69.47253106501597
