322210975,2024-01-24 04:53:13,356.498658288167
322310976,2024-01-24 18:46:48,356.5584363340779
322410977,2024-01-25 08:40:10,356.57890188861796
322510978,2024-01-25 22:34:36,356.7412579802837
322610979,2024-01-26 12:28:07,356.7412579802837
322710980,2024-01-27 02:21:32,357.16872114260565
322810981,2024-01-27 16:14:56,357.5637470925491
322910982,2024-01-28 06:08:18,358.4096062098278
323010983,2024-01-28 20:01:40,359.1992419850202
323110984,2024-01-29 09:55:00,359.53729732598
323210985,2024-01-29 23:48:24,360.4843109932452
323310986,2024-01-30 13:41:47,360.4843109932452
323410987,2024-01-31 03:35:17,360.4843109932452
323510988,2024-01-31 17:28:38,362.16921767081516
323610989,2024-02-01 07:22:00,363.22721524242735
323710990,2024-02-01 21:15:23,364.3660935143522
323810991,2024-02-02 11:09:24,364.3660935143522
323910992,2024-02-03 01:02:54,365.8931174336594
324010993,2024-02-03 14:56:25,366.8691595917895
324110994,2024-02-04 04:49:46,367.3444441800872
324210995,2024-02-04 18:43:08,368.5734860216436
324310996,2024-02-05 08:36:36,368.92469050722207
324410997,2024-02-05 22:29:59,369.7963140475591
324510998,2024-02-06 12:23:25,370.48183326288733
324610999,2024-02-07 02:16:52,371.01237942786685
324711000,2024-02-07 16:10:25,371.8813497988181
324811001,2024-02-08 06:03:56,371.8813497988181
324911002,2024-02-08 19:57:16,371.8813497988181
325011003,2024-02-09 09:50:37,374.23154690167405
325111004,2024-02-09 23:43:57,374.51149355961104
325211005,2024-02-10 13:37:18,375.3001801785678
325311006,2024-02-11 03:30:56,376.54056277384336
325411007,2024-02-11 17:24:42,378.3144963153993
325511008,2024-02-12 07:20:17,378.6692456451407
325611009,2024-02-12 21:13:42,379.5223799582896
325711010,2024-02-13 11:07:03,380.8680287236805
325811011,2024-02-14 01:00:42,381.617780639142
325911012,2024-02-14 14:54:21,382.43250925254523
326011013,2024-02-15 04:47:44,383.0466042961924
326111014,2024-02-15 18:41:06,384.3196151896763
326211015,2024-02-16 08:34:27,385.76861921168944
326311016,2024-02-16 22:28:02,386.6377380816268
326411017,2024-02-17 12:21:28,386.6377380816268
326511018,2024-02-18 02:14:48,387.9554670547469
326611019,2024-02-18 16:08:09,389.4408511430112
326711020,2024-02-19 06:01:31,389.79994172303316
326811021,2024-02-19 19:54:52,391.63039818942366
326911022,2024-02-20 09:48:12,392.8951238180409
327011023,2024-02-20 23:41:34,394.0960922891937
327111024,2024-02-21 13:41:13,395.0837433373195
327211025,2024-02-22 03:34:37,395.8179811808715
327311026,2024-02-22 17:28:00,397.45317528649935
327411027,2024-02-23 07:21:23,398.4792966951996
327511028,2024-02-23 21:14:47,399.9058108361889
327611029,2024-02-24 11:13:59,399.9058108361889
327711030,2024-02-25 01:07:20,402.5070135402145
327811031,2024-02-25 15:00:41,403.99682378288503
327911032,2024-02-26 04:54:11,405.1354992387418
328011033,2024-02-26 18:47:33,407.0266699186438
328111034,2024-02-27 08:41:25,408.23998137572096
328211035,2024-02-27 22:34:54,409.701840456039
328311036,2024-02-28 12:28:36,411.8371978504291
328411037,2024-02-29 02:22:45,413.5514502026895
328511038,2024-02-29 16:16:06,415.2660587743639
328611039,2024-03-01 06:09:33,415.65825042613403
328711040,2024-03-01 20:06:36,418.46706078604177
328811041,2024-03-02 10:01:44,419.3152681287174
328911042,2024-03-02 23:55:28,422.4956907976168
329011043,2024-03-03 13:50:04,424.7910874152107
329111044,2024-03-04 03:43:31,425.65340783430173
329211045,2024-03-04 17:38:37,428.75080916729064
329311046,2024-03-05 07:35:39,431.1862555906108
329411047,2024-03-05 21:29:06,433.7525049220101
329511048,2024-03-06 11:22:27,436.29561611713905
329611049,2024-03-07 01:15:48,438.45772059911667
329711050,2024-03-07 15:09:08,443.41432092451953
329811051,2024-03-08 05:02:47,446.8589758288309
329911052,2024-03-08 18:56:08,450.36590448120575
330011053,2024-03-09 08:49:38,453.14494848670097
330111054,2024-03-09 22:43:44,455.27955119186686
330211055,2024-03-10 12:37:04,455.27955119186686
330311056,2024-03-11 02:30:27,463.85986239152544
330411057,2024-03-11 16:23:52,465.51817972212547
330511058,2024-03-12 06:17:13,466.9155060095593
330611059,2024-03-12 20:10:34,468.92891415436264
330711060,2024-03-13 10:03:54,471.37700177875865
330811061,2024-03-13 23:57:18,473.16384063716373
330911062,2024-03-14 13:50:40,475.21640140498977
331011063,2024-03-15 03:44:54,477.1800241222677
331111064,2024-03-15 17:42:28,478.98575440629594
331211065,2024-03-16 07:36:33,480.8602214787811
331311066,2024-03-16 21:30:15,482.7760696688498
331411067,2024-03-17 11:23:35,484.62734249255203
331511068,2024-03-18 01:16:56,485.53363598425494
331611069,2024-03-18 15:16:08,488.4972129762012
331711070,2024-03-19 05:09:28,490.11268841058654
331811071,2024-03-19 19:03:32,492.50098660617715
331911072,2024-03-20 08:57:02,493.9994814516801
332011073,2024-03-20 22:50:29,496.54290890894293
332111074,2024-03-21 12:43:51,498.04302616326504
332211075,2024-03-22 02:37:13,499.84116256402547
332311076,2024-03-22 16:36:28,507.56225478607655
332411077,2024-03-23 06:29:49,509.51214036199315
332511078,2024-03-23 20:23:10,511.58316213211924
332611079,2024-03-24 10:16:30,515.1911768867045
332711080,2024-03-25 00:10:00,515.1911768867045
332811081,2024-03-25 14:03:52,522.0373514755943
332911082,2024-03-26 03:57:12,524.9614299735613
333011083,2024-03-26 17:50:33,528.1025606542769
333111084,2024-03-27 07:43:54,534.3407858713964
333211085,2024-03-27 21:37:14,540.5767898704494
333311086,2024-03-28 11:30:35,549.0137732656875
333411087,2024-03-29 01:23:56,550.6156853370926
333511088,2024-03-29 15:17:18,552.4521493045138
333611089,2024-03-30 05:11:08,553.7406208869631
333711090,2024-03-30 19:04:52,554.8415030042663
333811091,2024-03-31 08:58:15,556.1324705232571
333911092,2024-03-31 22:51:39,561.9110171609931
334011093,2024-04-01 12:45:00,561.9110171609931
334111094,2024-04-02 02:39:00,569.4314942888712
334211095,2024-04-02 16:32:22,571.4709740862221
334311096,2024-04-03 06:25:43,571.4709740862221
334411097,2024-04-03 20:19:03,579.9430510961984
334511098,2024-04-04 10:12:30,584.8013514122737
334611099,2024-04-05 00:06:23,587.8192277851
334711100,2024-04-05 13:59:43,594.6989460621692
334811101,2024-04-06 03:53:04,600.0087415895333
334911102,2024-04-06 17:46:26,1463.7294509229646
335011103,2024-04-07 07:39:47,1468.775893795752
335111104,2024-04-07 21:33:08,1472.0945501899391
335211105,2024-04-08 11:26:29,1472.109664610272
335311106,2024-04-09 01:19:50,1474.3305735337653
335411107,2024-04-09 15:13:11,1474.3305735337653
335511108,2024-04-10 05:07:05,1474.3305735337653
335611109,2024-04-10 19:00:43,1482.2994560725601
335711110,2024-04-11 08:54:44,1482.9139826569199
335811111,2024-04-11 22:48:05,1482.9139826569199
335911112,2024-04-12 12:41:26,1484.5109853638294
336011113,2024-04-13 02:34:47,1485.642106682331
336111114,2024-04-13 16:28:07,1487.1327742283722
336211115,2024-04-14 06:27:17,1488.2894287972629
336311116,2024-04-14 20:20:37,1489.2183754324524
336411117,2024-04-15 10:13:58,1489.2183754324524
336511118,2024-04-16 00:07:20,1489.2183754324524
336611119,2024-04-16 14:00:41,1489.2183754324524
336711120,2024-04-17 03:54:18,1489.2183754324524
336811121,2024-04-17 17:47:38,1497.676480109544
336911122,2024-04-18 07:41:02,1498.1459131663528
337011123,2024-04-18 21:34:24,1498.1459131663528
337111124,2024-04-19 11:27:44,1502.0189199011802
337211125,2024-04-20 01:21:05,1503.7840775373086
337311126,2024-04-20 15:14:25,1503.7840775373086
337411127,2024-04-21 05:09:28,1505.795984317602
337511128,2024-04-21 19:02:53,1506.9464496654984
337611129,2024-04-22 08:56:13,1508.8483172258896
337711130,2024-04-22 22:49:36,1509.861103561887
337811131,2024-04-23 12:42:56,1509.861103561887
337911132,2024-04-24 02:36:18,1511.9966999445771
338011133,2024-04-24 16:29:39,1512.942257783516
338111134,2024-04-25 06:22:59,1513.3746614889478
338211135,2024-04-25 20:16:20,1514.3191609841774
338311136,2024-04-26 10:09:46,1514.3191609841774
338411137,2024-04-27 00:03:13,1516.7487246128128
338511138,2024-04-27 13:56:33,1516.7487246128128
338611139,2024-04-28 03:49:54,1516.7487246128128
338711140,2024-04-28 17:43:14,1516.7487246128128
338811141,2024-04-29 07:36:36,1516.7487246128128
338911142,2024-04-29 21:30:26,1527.7873161422604
339011143,2024-04-30 11:23:46,1530.2255023340174
339111144,2024-05-01 01:17:14,1530.2255023340174
339211145,2024-05-01 15:10:35,1533.3664055477468
339311146,2024-05-02 05:04:35,1533.3664055477468
339411147,2024-05-02 18:57:56,1538.911878559381
339511148,2024-05-03 08:55:10,1538.911878559381
339611149,2024-05-03 22:55:43,1542.4738397052838
339711150,2024-05-04 12:49:03,1542.4738397052838
339811151,2024-05-05 02:42:34,1548.6228277001053
339911152,2024-05-05 16:35:56,1552.5795795765973
340011153,2024-05-06 06:29:16,1552.5795795765973
340111154,2024-05-06 20:22:37,1558.5710647636402
340211155,2024-05-07 10:15:57,1561.0242554012038
340311156,2024-05-08 00:09:18,1564.7282740842893
340411157,2024-05-08 14:02:39,1569.2029187896173
340511158,2024-05-09 03:56:17,1572.341450852003
340611159,2024-05-09 17:49:44,1572.341450852003
340711160,2024-05-10 07:43:40,1572.341450852003
340811161,2024-05-10 21:37:00,1579.3342291458519
340911162,2024-05-11 11:30:21,1579.3342291458519
341011163,2024-05-12 01:23:43,1586.4227966493645
341111164,2024-05-12 15:17:04,1586.4227966493645
341211165,2024-05-13 05:10:25,1589.2525721800632
341311166,2024-05-13 19:03:52,1593.5829978968147
341411167,2024-05-14 08:57:12,1594.007706132509
341511168,2024-05-14 22:50:57,1594.007706132509
341611169,2024-05-15 12:49:43,1594.007706132509
341711170,2024-05-16 02:43:10,1600.3850761489668
341811171,2024-05-16 16:36:38,1600.3850761489668
341911172,2024-05-17 06:29:58,1600.3850761489668
342011173,2024-05-17 20:23:21,1607.1692449928237
342111174,2024-05-18 10:16:42,1609.2109783022509
342211175,2024-05-19 00:10:02,1612.335294175556
342311176,2024-05-19 14:03:31,1615.1056848794715
342411177,2024-05-20 03:56:56,1615.1056848794715
342511178,2024-05-20 17:50:17,1622.7762659922757
342611179,2024-05-21 07:43:38,1625.4277506185954
342711180,2024-05-21 21:36:59,1631.331802473689
342811181,2024-05-22 11:30:24,1634.3490455003925
342911182,2024-05-23 01:23:45,1634.3490455003925
343011183,2024-05-23 15:17:06,1637.9852501254757
343111184,2024-05-24 05:11:01,1637.9852501254757
343211185,2024-05-24 19:04:21,1643.6972299366876
343311186,2024-05-25 08:58:42,1648.2938928022113
343411187,2024-05-25 22:52:02,1650.276303945499
343511188,2024-05-26 12:45:25,1655.0021078326392
343611189,2024-05-27 02:38:46,1655.8006133511417
343711190,2024-05-27 16:32:06,1655.8006133511417
343811191,2024-05-28 06:25:27,1663.3970758572334
343911192,2024-05-28 20:18:50,1664.3237384681097
344011193,2024-05-29 10:12:17,1664.3237384681097
344111194,2024-05-30 00:05:39,1670.5037013629862
344211195,2024-05-30 13:59:12,1674.0411824694004
344311196,2024-05-31 03:52:38,1675.5782840009101
344411197,2024-05-31 17:45:59,1677.6278825269071
344511198,2024-06-01 07:39:19,1678.516633477532
344611199,2024-06-01 21:32:40,1681.9254380514378
344711200,2024-06-02 11:26:45,1683.579840608679
344811201,2024-06-03 01:20:05,1683.579840608679
344911202,2024-06-03 15:13:44,1683.579840608679
345011203,2024-06-04 05:07:17,1691.4376663855276
345111204,2024-06-04 19:01:08,1696.3861311158105
345211205,2024-06-05 08:54:39,1698.726930241894
345311206,2024-06-05 22:48:06,1699.169153834873
345411207,2024-06-06 12:41:26,1700.2635244189469
345511208,2024-06-07 02:34:49,1701.1172042348308
345611209,2024-06-07 16:30:34,1701.1172042348308
345711210,2024-06-08 06:23:54,1705.3763006344554
345811211,2024-06-08 20:17:15,1708.9493698090166
345911212,2024-06-09 10:10:36,1709.9698138749472
346011213,2024-06-10 00:03:56,1713.4302416907108
346111214,2024-06-10 13:57:17,1714.3563842390056
346211215,2024-06-11 03:50:37,1716.5340704671903
346311216,2024-06-11 17:43:58,1719.347035908785
346411217,2024-06-12 07:37:24,1719.9010033868497
346511218,2024-06-12 21:30:50,1722.9445313000701
346611219,2024-06-13 11:24:16,1725.0243057253792
346711220,2024-06-14 01:17:37,1726.0184937308493
346811221,2024-06-14 15:11:04,1727.2741434594143
346911222,2024-06-15 05:04:24,1729.5248015922307
347011223,2024-06-15 18:57:45,1731.6332459126772
347111224,2024-06-16 08:51:07,1731.6332459126772
347211225,2024-06-16 22:44:27,1733.878018934708
347311226,2024-06-17 12:37:48,1733.878018934708
347411227,2024-06-18 02:31:08,1736.3812819494256
347511228,2024-06-18 16:24:29,1737.4435114235557
347611229,2024-06-19 06:17:49,1737.4435114235557
347711230,2024-06-19 20:11:10,1739.274308798809
347811231,2024-06-20 10:04:30,1740.8063025909003
347911232,2024-06-20 23:57:51,1742.5563559752916
348011233,2024-06-21 13:51:12,1744.797599221361
348111234,2024-06-22 03:44:38,1745.6962825492221
348211235,2024-06-22 17:37:59,1746.2194596187458
348311236,2024-06-23 07:31:19,1747.7520397650123
348411237,2024-06-23 21:24:40,1749.1524129908266
348511238,2024-06-24 11:18:00,1750.18301351916
348611239,2024-06-25 01:11:21,1751.280450395849
348711240,2024-06-25 15:04:42,1752.0412055247864
348811241,2024-06-26 04:58:02,1753.10805339816
348911242,2024-06-26 18:51:23,1753.9365876891782
349011243,2024-06-27 08:44:43,1754.8432572297104
349111244,2024-06-27 22:38:04,1755.7480972774495
349211245,2024-06-28 12:31:25,1756.76488078177
349311246,2024-06-29 02:24:45,1756.76488078177
349411247,2024-06-29 16:18:06,1759.3708033589323
349511248,2024-06-30 06:11:27,1760.7925719116115
349611249,2024-06-30 20:04:53,1766.5573818626438
349711250,2024-07-01 09:58:14,1767.3390802033848
349811251,2024-07-01 23:51:36,1768.7581691640232
349911252,2024-07-02 13:45:39,1769.9698755574168
350011253,2024-07-03 03:39:00,1769.9698755574168
350111254,2024-07-03 17:32:21,1772.1984320180463
350211255,2024-07-04 07:25:41,1773.1103909344836
350311256,2024-07-04 21:19:02,1774.902670454443
350411257,2024-07-05 11:12:22,1776.2365040008738
350511258,2024-07-06 01:05:43,1778.8204237828754
350611259,2024-07-06 14:59:03,1778.8204237828754
350711260,2024-07-07 04:52:24,1781.1453430537742
350811261,2024-07-07 18:45:44,1781.1453430537742
350911262,2024-07-08 08:39:05,1784.3173162725382
351011263,2024-07-08 22:32:26,1785.0806787691847
351111264,2024-07-09 12:25:46,1787.28320381337
351211265,2024-07-10 02:19:07,1789.0539273913325
351311266,2024-07-10 16:12:27,1792.71764088213
351411267,2024-07-11 06:05:48,1794.8272204427287
351511268,2024-07-11 19:59:08,1795.877055618952
351611269,2024-07-12 09:52:29,1798.2414727921916
351711270,2024-07-12 23:45:49,1798.844640874255
351811271,2024-07-13 13:39:10,1801.2402778033734
351911272,2024-07-14 03:32:40,1802.635346574538
352011273,2024-07-14 17:26:01,1804.8237930033722
352111274,2024-07-15 07:19:21,1805.0666110646146
352211275,2024-07-15 21:12:42,1805.9683734726018
352311276,2024-07-16 11:06:02,1807.2681365442575
352411277,2024-07-17 00:59:23,1807.6777044911503
352511278,2024-07-17 14:52:43,1808.7249324497893
352611279,2024-07-18 04:46:04,1809.6362079662417
352711280,2024-07-18 18:39:24,1814.251221854649
352811281,2024-07-19 08:32:45,1814.91256642579
352911282,2024-07-19 22:26:05,1815.7416053168051
353011283,2024-07-20 12:19:30,1815.7416053168051
353111284,2024-07-21 02:12:51,1818.0482470101613
353211285,2024-07-21 16:06:23,1818.8014857194253
353311286,2024-07-22 05:59:43,1818.8014857194253
353411287,2024-07-22 19:53:04,1820.278524775743
353511288,2024-07-23 09:46:24,1821.4143210506973
353611289,2024-07-23 23:39:47,1822.016647627154
353711290,2024-07-24 13:33:10,1822.9894323194449
353811291,2024-07-25 03:26:31,1823.3725578301587
353911292,2024-07-25 17:19:51,1824.604382342793
354011293,2024-07-26 07:13:16,1824.9382152291041
354111294,2024-07-26 21:06:37,1826.4049045687946
354211295,2024-07-27 10:59:57,1826.4049045687946
354311296,2024-07-28 00:53:18,1828.2327819489553
354411297,2024-07-28 14:46:51,1828.7915293220835
354511298,2024-07-29 04:40:41,1829.9366990670514
354611299,2024-07-29 18:34:02,1831.3269941885574
354711300,2024-07-30 08:27:22,1832.28224929892
354811301,2024-07-30 22:20:43,1833.343166334944
354911302,2024-07-31 12:14:08,1834.2658409518178
355011303,2024-08-01 02:07:35,1835.3769415231652
355111304,2024-08-01 16:00:55,1836.5999453726904
355211305,2024-08-02 05:55:00,1837.7551278722765
355311306,2024-08-02 19:48:21,1839.12478825748
355411307,2024-08-03 09:41:42,1840.3509758009845
355511308,2024-08-03 23:35:02,1840.831056034966
355611309,2024-08-04 13:28:23,1842.5839468737063
355711310,2024-08-05 03:21:43,1843.8120039594428
355811311,2024-08-05 17:15:05,1844.8841469157542
355911312,2024-08-06 07:08:25,1846.018550309378
356011313,2024-08-06 21:01:46,1846.8035946647478
356111314,2024-08-07 10:55:19,1846.8035946647478
356211315,2024-08-08 00:48:40,1849.0794534493377
356311316,2024-08-08 14:42:00,1850.3815937339632
356411317,2024-08-09 04:35:21,1850.9548392753718
356511318,2024-08-09 18:30:35,1852.2649845136268
356611319,2024-08-10 08:24:14,1852.743051608919
356711320,2024-08-10 22:17:45,1854.0701824289138
356811321,2024-08-11 12:11:42,1855.7403551769971
356911322,2024-08-12 02:05:02,1856.0957069393212
357011323,2024-08-12 15:58:23,1857.884546210999
357111324,2024-08-13 05:51:43,1858.9777845251872
357211325,2024-08-13 19:45:16,1860.1019681126068
357311326,2024-08-14 09:39:37,1861.048765076283
357411327,2024-08-14 23:32:57,1862.3503475548962
357511328,2024-08-15 13:26:19,1863.3348871099151
357611329,2024-08-16 03:19:40,1864.5641125059312
357711330,2024-08-16 17:13:06,1865.5465987795046
357811331,2024-08-17 07:12:45,1865.5465987795046
357911332,2024-08-17 21:06:05,1867.3768133874169
358011333,2024-08-18 10:59:26,1869.149559766602
358111334,2024-08-19 00:52:46,1869.485245436799
358211335,2024-08-19 14:46:14,1870.850067806799
358311336,2024-08-20 04:39:35,1871.8799472495211
358411337,2024-08-20 18:32:55,1873.7272822532193
358511338,2024-08-21 08:26:16,1874.7455471968476
358611339,2024-08-21 22:19:39,1875.8855330273664
358711340,2024-08-22 12:12:59,1876.8300141039217
358811341,2024-08-23 02:08:38,1877.8145719397235
358911342,2024-08-23 16:02:38,1879.5465051783199
359011343,2024-08-24 05:56:07,1880.8953428147129
359111344,2024-08-24 19:49:34,1882.0316945669972
359211345,2024-08-25 09:42:54,1883.1385166556518
359311346,2024-08-25 23:36:15,1885.414434210669
359411347,2024-08-26 13:29:35,1890.475154248661
359511348,2024-08-27 03:31:07,1894.5268726479248
359611349,2024-08-27 17:24:27,1897.834308976381
359711350,2024-08-28 07:23:41,1901.7811528676773
359811351,2024-08-28 21:17:01,1904.0445600541148
359911352,2024-08-29 11:16:18,1905.6467818909769
360011353,2024-08-30 01:09:51,1910.002862861336
360111354,2024-08-30 15:03:11,1913.3855727128193
360211355,2024-08-31 04:56:39,1915.7941793817763
360311356,2024-08-31 18:50:17,1918.2676935386708
360411357,2024-09-01 08:43:38,1923.3761679126237
360511358,2024-09-01 22:37:42,1927.3094410387519
360611359,2024-09-02 12:31:18,1929.0209010027895
360711360,2024-09-03 02:24:41,1930.646912278343
360811361,2024-09-03 16:18:07,1932.4770748615742
360911362,2024-09-04 06:11:29,1933.5390409186678
361011363,2024-09-04 20:04:50,1935.0216753858172
361111364,2024-09-05 09:58:10,1938.951595304427
361211365,2024-09-05 23:51:31,1941.176170120616
361311366,2024-09-06 13:44:51,1943.0903185902773
361411367,2024-09-07 03:38:15,1944.438847705106
361511368,2024-09-07 17:31:56,1945.711549981625
361611369,2024-09-08 07:25:17,1948.1087855265118
361711370,2024-09-08 21:18:37,1949.7404184523425
361811371,2024-09-09 11:11:58,1951.154583867542
361911372,2024-09-10 01:05:48,1953.0040584362746
362011373,2024-09-10 15:03:54,1953.85595123613
362111374,2024-09-11 04:58:26,1955.7534046472003
362211375,2024-09-11 18:51:57,1955.7534046472003
362311376,2024-09-12 08:45:26,1959.6850445420832
362411377,2024-09-12 22:38:57,1960.3976783853127
362511378,2024-09-13 12:32:20,1961.6737676176224
362611379,2024-09-14 02:25:49,1963.8347678112518
362711380,2024-09-14 16:19:16,1966.0365272211823
362811381,2024-09-15 06:12:38,1967.4426731741855
362911382,2024-09-15 20:05:59,1969.3602964582112
363011383,2024-09-16 09:59:22,1969.8469475794866
363111384,2024-09-16 23:52:46,1973.0672701837996
363211385,2024-09-17 13:46:06,1974.106360892041
363311386,2024-09-18 03:39:30,1976.4255521881885
363411387,2024-09-18 17:32:53,1977.312792700099
363511388,2024-09-19 07:26:16,1979.3398515584533
363611389,2024-09-19 21:19:37,1982.1546495432185
363711390,2024-09-20 11:13:04,1984.0696563770966
363811391,2024-09-21 01:07:11,1985.6213089023242
363911392,2024-09-21 15:00:38,1987.1986267226728
364011393,2024-09-22 04:54:01,1989.1774151940635
364111394,2024-09-22 18:47:30,1991.2827376644852
364211395,2024-09-23 08:40:57,1993.6742597662026
364311396,2024-09-23 22:34:25,1994.9630072949867
364411397,2024-09-24 12:27:53,1996.8877374303254
364511398,2024-09-25 02:21:13,1998.6442875503087
364611399,2024-09-25 16:14:39,2001.1368865429858
364711400,2024-09-26 06:08:09,2003.761174081686
364811401,2024-09-26 20:01:30,2004.9652394054647
364911402,2024-09-27 09:54:51,2007.7629652773417
365011403,2024-09-27 23:48:12,2008.5173961909816
365111404,2024-09-28 13:41:33,2012.875350074606
365211405,2024-09-29 03:35:01,2014.1519906986812
365311406,2024-09-29 17:28:22,2017.335933146097
365411407,2024-09-30 07:21:42,2020.4635148618374
365511408,2024-09-30 21:15:03,2022.9278286683991
365611409,2024-10-01 11:08:23,2025.2815554360159
365711410,2024-10-02 01:02:10,2025.2815554360159
365811411,2024-10-02 14:55:51,2030.1695358609684
365911412,2024-10-03 04:49:12,2031.9962731933954
366011413,2024-10-03 18:42:45,2035.5675139070615
366111414,2024-10-04 08:36:18,2037.1569558674335
366211415,2024-10-04 22:29:39,2039.9680678627585
366311416,2024-10-05 12:23:08,2042.1090620134537
366411417,2024-10-06 02:16:31,2043.7017984199608
366511418,2024-10-06 16:09:52,2045.5101166925822
366611419,2024-10-07 06:03:12,2046.9171943880328
366711420,2024-10-07 19:56:33,2050.1345883944573
366811421,2024-10-08 09:49:53,2050.403951997097
366911422,2024-10-08 23:43:25,2053.016582739462
367011423,2024-10-09 13:36:46,2055.3094358325106
367111424,2024-10-10 03:30:06,2056.967625523228
367211425,2024-10-10 17:23:33,2059.0164025925105
367311426,2024-10-11 07:22:50,2061.044908937029
367411427,2024-10-11 21:16:11,2062.8358245642967
367511428,2024-10-12 11:09:31,2063.774727787901
367611429,2024-10-13 01:02:52,2065.8507661820413
367711430,2024-10-13 14:56:12,2068.0976410293256
367811431,2024-10-14 04:55:21,2069.0101723426246
367911432,2024-10-14 18:48:41,2071.4704830698497
368011433,2024-10-15 08:42:02,2072.71521769983
368111434,2024-10-15 22:35:26,2076.9431353026525
368211435,2024-10-16 12:28:46,2079.4785880880186
368311436,2024-10-17 02:22:07,2081.901655353923
368411437,2024-10-17 16:15:27,2085.648612031926
368511438,2024-10-18 06:08:48,2088.442002297809
368611439,2024-10-18 20:02:09,2091.883562103877
368711440,2024-10-19 09:55:29,2094.5553347317395
368811441,2024-10-19 23:48:50,2094.5553347317395
368911442,2024-10-20 13:42:10,2099.5519778081225
369011443,2024-10-21 03:35:31,2102.6024621029533
369111444,2024-10-21 17:28:51,2105.9057547463653
369211445,2024-10-22 07:22:42,2108.809459122124
369311446,2024-10-22 21:16:03,2113.368219007062
369411447,2024-10-23 11:09:23,2117.7325895460012
369511448,2024-10-24 01:08:32,2119.868636923848
369611449,2024-10-24 15:02:11,2119.868636923848
369711450,2024-10-25 04:55:31,2127.413054115007
369811451,2024-10-25 18:49:34,2127.413054115007
369911452,2024-10-26 08:43:00,2134.032392690864
370011453,2024-10-26 22:36:21,2136.9398277204514
370111454,2024-10-27 12:29:41,2139.8597934403633
370211455,2024-10-28 02:23:02,2141.3576316818944
370311456,2024-10-28 16:16:28,2144.562898283482
370411457,2024-10-29 06:09:49,2147.6176599282812
370511458,2024-10-29 20:04:43,2149.9523870175185
370611459,2024-10-30 09:58:34,2149.9523870175185
370711460,2024-10-30 23:52:00,2155.181877950331
370811461,2024-10-31 13:45:21,2160.4633748345236
370911462,2024-11-01 03:40:35,2162.299799207693
371011463,2024-11-01 17:37:50,2165.9518132880953
371111464,2024-11-02 07:31:58,2168.806414364188
371211465,2024-11-02 21:25:18,2173.3172970454802
371311466,2024-11-03 11:18:45,2177.023475875105
371411467,2024-11-04 01:12:05,2177.023475875105
371511468,2024-11-04 15:05:26,2183.141847091386
371611469,2024-11-05 04:58:52,2187.1213567155287
371711470,2024-11-05 18:52:13,2188.19914110494
371811471,2024-11-06 08:45:34,2195.357546452902
371911472,2024-11-06 22:38:54,2197.7794180301057
372011473,2024-11-07 12:32:21,2201.4315975710356
372111474,2024-11-08 02:25:42,2204.630152469732
372211475,2024-11-08 16:20:45,2208.4485570715265
372311476,2024-11-09 06:14:05,2210.940464600929
372411477,2024-11-09 20:07:27,2215.740047099325
372511478,2024-11-10 10:00:47,2219.012989920387
372611479,2024-11-10 23:54:08,2221.5211404482543
372711480,2024-11-11 13:47:30,2226.999143462509
372811481,2024-11-12 03:40:53,2230.4169225827804
372911482,2024-11-12 17:34:20,2233.708486483751
373011483,2024-11-13 07:27:41,2239.631612037829
373111484,2024-11-13 21:21:03,2241.8546115291456
373211485,2024-11-14 11:14:24,2241.8546115291456
373311486,2024-11-15 01:07:55,2260.759128670304
373411487,2024-11-15 15:01:16,2267.1708920381843
373511488,2024-11-16 04:54:38,2271.3302126966278
373611489,2024-11-16 18:48:16,2277.2874896984413
373711490,2024-11-17 08:41:37,2283.7352514387594
373811491,2024-11-17 22:34:57,2293.501536729133
373911492,2024-11-18 12:28:18,2299.228712292367
374011493,2024-11-19 02:21:43,2299.228712292367
374111494,2024-11-19 16:15:04,2310.422411221331
374211495,2024-11-20 06:08:24,2314.9117925538285
374311496,2024-11-20 20:03:03,2325.472062922281
374411497,2024-11-21 09:56:46,2327.9787427782794
374511498,2024-11-21 23:50:06,2338.6265988955292
374611499,2024-11-22 13:43:28,2344.0906314393083
374711500,2024-11-23 03:36:49,2353.29843618023
374811501,2024-11-23 17:30:09,2360.0549830834034
374911502,2024-11-24 07:23:30,2366.619036665211
375011503,2024-11-24 21:16:51,2372.212475999176
375111504,2024-11-25 11:13:18,2392.920090966676
375211505,2024-11-26 01:06:39,2402.2855058487953
375311506,2024-11-26 15:01:10,2410.9377456623524
375411507,2024-11-27 04:54:33,2419.7828736850615
375511508,2024-11-27 18:47:56,2425.972315367345
375611509,2024-11-28 08:42:16,2431.1975613008676
375711510,2024-11-28 22:36:11,2431.1975613008676
375811511,2024-11-29 12:29:31,2443.0245318023813
375911512,2024-11-30 02:22:53,2443.0245318023813
376011513,2024-11-30 16:16:15,2452.9998424622345
376111514,2024-12-01 06:09:36,2460.669770208308
376211515,2024-12-01 20:03:09,2477.8719410594845
376311516,2024-12-02 09:57:13,2478.91340528672
376411517,2024-12-02 23:50:35,2500.6748309975733
376511518,2024-12-03 13:43:57,2512.7560629941854
376611519,2024-12-04 03:37:19,2522.8356641125815
376711520,2024-12-04 17:32:27,2538.6944495513144
376811521,2024-12-05 07:26:00,2554.392178665217
376911522,2024-12-05 21:20:14,2568.4146256986155
377011523,2024-12-06 11:13:50,2583.6041412706204
377111524,2024-12-07 01:07:16,2598.876184091199
377211525,2024-12-07 15:00:37,2614.5711497641223
377311526,2024-12-08 04:53:57,2632.3492959543787
377411527,2024-12-08 18:47:18,2650.9835892657584
377511528,2024-12-09 08:40:39,2684.052535672557
377611529,2024-12-09 22:34:00,2704.809800892393
377711530,2024-12-10 12:27:22,2725.348419693784
377811531,2024-12-11 02:20:43,2742.688115858601
377911532,2024-12-11 16:14:04,2778.7970694966125
378011533,2024-12-12 06:07:36,2797.572827993182
378111534,2024-12-12 20:00:57,2813.356027600763
378211535,2024-12-13 09:54:18,2836.9881588206854
378311536,2024-12-13 23:47:38,2853.4911890610488
378411537,2024-12-14 13:40:59,2869.5124390142028
378511538,2024-12-15 03:34:19,2890.358391553415
378611539,2024-12-15 17:27:40,2902.5917085733495
378711540,2024-12-16 07:21:05,2906.5003383599474
378811541,2024-12-16 21:14:25,2911.7968771817905
378911542,2024-12-17 11:07:46,2921.619845960742
379011543,2024-12-18 01:01:06,2925.912266771619
379111544,2024-12-18 14:54:27,2938.009794355512
379211545,2024-12-19 04:47:47,2946.335842918281
379311546,2024-12-19 18:41:08,2958.05086775347
379411547,2024-12-20 08:34:28,2977.9298984123006
379511548,2024-12-20 22:27:49,2996.595385289924
379611549,2024-12-21 12:21:09,3009.3077255207454
379711550,2024-12-22 02:14:30,3017.415339297739
379811551,2024-12-22 16:07:51,3027.932107687219
379911552,2024-12-23 06:01:11,3027.932107687219
380011553,2024-12-23 19:54:32,3041.7766107398484
380111554,2024-12-24 09:47:52,3050.9418962439054
380211555,2024-12-24 23:41:13,3069.179410311021
380311556,2024-12-25 13:34:33,3079.047034163037
380411557,2024-12-26 03:27:54,3087.6137156947266
380511558,2024-12-26 17:21:15,3087.6137156947266
380611559,2024-12-27 07:14:35,3110.385384477864
380711560,2024-12-27 21:07:56,3119.7834402545336
380811561,2024-12-28 11:01:22,3123.097515990142
380911562,2024-12-29 00:54:43,3123.097515990142
381011563,2024-12-29 14:48:05,3151.1327070051916
381111564,2024-12-30 04:47:13,3161.5965143700173
381211565,2024-12-30 18:40:35,3183.503254002014
381311566,2024-12-31 08:33:55,3190.877334811398
381411567,2024-12-31 22:27:16,3219.4421489655424
381511568,2025-01-01 12:20:36,3239.8731231110514
381611569,2025-01-02 02:14:54,3256.084073032037
381711570,2025-01-02 16:08:24,3256.084073032037
381811571,2025-01-03 06:01:44,3256.084073032037
381911572,2025-01-03 19:55:05,3256.084073032037
382011573,2025-01-04 09:48:25,3256.084073032037
382111574,2025-01-04 23:41:48,3256.084073032037
382211575,2025-01-05 13:36:20,3256.084073032037
382311576,2025-01-06 03:29:41,3256.084073032037
382351974,2025-01-06 09:06:20,3256.084073032037
382351981,2025-01-06 09:06:23,3256.084073032037
382355391,2025-01-06 09:34:48,3256.084073032037
382358963,2025-01-06 10:04:34,3256.084073032037
382360282,2025-01-06 10:15:34,3256.084073032037
