322218921,2024-01-24 05:59:32,0.0
322318922,2024-01-24 19:53:01,0.0
322418923,2024-01-25 09:46:23,0.0
322518924,2024-01-25 23:40:49,0.0
322618925,2024-01-26 13:34:22,0.0
322718926,2024-01-27 03:27:45,0.0
322818927,2024-01-27 17:21:09,0.0
322918928,2024-01-28 07:14:31,0.0
323018929,2024-01-28 21:07:53,0.0
323118930,2024-01-29 11:01:13,0.0
323218931,2024-01-30 00:54:37,15.349975962871609
323318932,2024-01-30 14:48:02,15.349975962871609
323418933,2024-01-31 04:41:30,15.349975962871609
323518934,2024-01-31 18:34:51,18.03337629709177
323618935,2024-02-01 08:28:13,18.03337629709177
323718936,2024-02-01 22:21:36,23.555240684480605
323818937,2024-02-02 12:15:37,23.555240684480605
323918938,2024-02-03 02:09:07,23.555240684480605
324018939,2024-02-03 16:02:38,31.57811407515851
324118940,2024-02-04 05:55:59,31.57811407515851
324218941,2024-02-04 19:49:21,40.17345873110371
324318942,2024-02-05 09:42:49,40.17345873110371
324418943,2024-02-05 23:36:12,52.36694537486584
324518944,2024-02-06 13:29:38,52.36694537486584
324618945,2024-02-07 03:23:05,55.20085784486167
324718946,2024-02-07 17:16:38,55.20085784486167
324818947,2024-02-08 07:10:09,57.87879631359852
324918948,2024-02-08 21:03:29,57.87879631359852
325018949,2024-02-09 10:56:50,70.10865204811608
325118950,2024-02-10 00:50:10,70.10865204811608
325218951,2024-02-10 14:43:31,75.72041416555653
325318952,2024-02-11 04:37:09,82.20189781120233
325418953,2024-02-11 18:33:09,85.02827672760918
325518954,2024-02-12 08:26:30,85.02827672760918
325618955,2024-02-12 22:19:55,93.07081954591968
325718956,2024-02-13 12:13:16,93.07081954591968
325818957,2024-02-14 02:07:00,93.07081954591968
325918958,2024-02-14 16:00:34,111.95448900679283
326018959,2024-02-15 05:53:57,111.95448900679283
326118960,2024-02-15 19:47:19,111.95448900679283
326218961,2024-02-16 09:40:52,111.95448900679283
326318962,2024-02-16 23:34:15,130.31046817679703
326418963,2024-02-17 13:27:41,130.31046817679703
326518964,2024-02-18 03:21:01,130.31046817679703
326618965,2024-02-18 17:14:22,148.18062890711246
326718966,2024-02-19 07:07:44,158.22360892685637
326818967,2024-02-19 21:01:05,160.76647943812094
326918968,2024-02-20 10:54:25,166.91428273966005
327018969,2024-02-21 00:47:47,175.13051103611954
327118970,2024-02-21 14:47:26,177.39144983652056
327218971,2024-02-22 04:40:50,195.86046144726245
327318972,2024-02-22 18:34:13,201.92840771209165
327418973,2024-02-23 08:27:36,207.9767076185257
327518974,2024-02-23 22:21:00,211.34994133976122
327618975,2024-02-24 12:20:12,211.34994133976122
327718976,2024-02-25 02:13:33,217.06697296097357
327818977,2024-02-25 16:06:54,229.13517548364786
327918978,2024-02-26 06:00:25,235.5641740770318
328018979,2024-02-26 19:53:46,243.55718998192808
328118980,2024-02-27 09:47:39,259.4251185916934
328218981,2024-02-27 23:41:11,261.92847530499824
328318982,2024-02-28 13:34:49,272.9994212502082
328418983,2024-02-29 03:28:58,287.22251249337853
328518984,2024-02-29 17:22:19,302.4154225037035
328618985,2024-03-01 07:15:50,302.4154225037035
328718986,2024-03-01 21:13:25,338.04502901077444
328818987,2024-03-02 11:08:02,348.2980087910955
328918988,2024-03-03 01:01:41,355.18358368187165
329018989,2024-03-03 14:56:17,366.4739469736196
329118990,2024-03-04 04:49:44,371.92528712887344
329218991,2024-03-04 18:44:56,377.5897268445253
329318992,2024-03-05 08:41:52,389.8878680117696
329418993,2024-03-05 22:35:19,416.4248957611102
329518994,2024-03-06 12:28:40,427.77752904537004
329618995,2024-03-07 02:22:01,441.5758293700494
329718996,2024-03-07 16:15:21,456.7113805326904
329818997,2024-03-08 06:09:00,462.05449049742634
329918998,2024-03-08 20:02:21,474.8018591359071
330018999,2024-03-09 09:55:57,477.8531270236082
330119000,2024-03-09 23:49:57,487.0968004172915
330219001,2024-03-10 13:43:17,491.7201527704873
330319002,2024-03-11 03:36:40,502.3905379237562
330419003,2024-03-11 17:30:06,517.3568314989723
330519004,2024-03-12 07:23:26,534.6360453348731
330619005,2024-03-12 21:16:47,556.1588839458913
330719006,2024-03-13 11:10:07,560.3495611890577
330819007,2024-03-14 01:03:31,583.8738960330872
330919008,2024-03-14 14:56:55,589.141359480973
331019009,2024-03-15 04:51:07,602.1278963235761
331119010,2024-03-15 18:48:41,607.4216775795671
331219011,2024-03-16 08:42:47,619.0073997393148
331319012,2024-03-16 22:36:28,626.0814754040362
331419013,2024-03-17 12:29:48,642.2797174362443
331519014,2024-03-18 02:23:09,653.9467248689579
331619015,2024-03-18 16:22:21,662.5380372737006
331719016,2024-03-19 06:15:41,673.7554108263312
331819017,2024-03-19 20:09:51,679.0720672819567
331919018,2024-03-20 10:03:15,695.2693913267992
332019019,2024-03-20 23:56:42,710.2106068824044
332119020,2024-03-21 13:50:05,713.1322670289092
332219021,2024-03-22 03:43:26,721.2481382097303
332319022,2024-03-22 17:42:41,736.9545002673328
332419023,2024-03-23 07:36:02,736.9545002673328
332519024,2024-03-23 21:29:23,757.775090042507
332619025,2024-03-24 11:22:43,757.775090042507
332719026,2024-03-25 01:16:14,788.3871665711725
332819027,2024-03-25 15:10:05,805.0124548368213
332919028,2024-03-26 05:03:25,812.8525587501454
333019029,2024-03-26 18:56:46,846.0108813863708
333119030,2024-03-27 08:50:07,869.093294639435
333219031,2024-03-27 22:43:27,881.0893855776194
333319032,2024-03-28 12:36:48,891.0102383810806
333419033,2024-03-29 02:30:09,899.3550122088898
333519034,2024-03-29 16:23:31,904.6539104598548
333619035,2024-03-30 06:17:27,907.4009870281485
333719036,2024-03-30 20:11:05,907.4009870281485
333819037,2024-03-31 10:04:28,909.9028688033727
333919038,2024-03-31 23:57:52,932.4005670383129
334019039,2024-04-01 13:51:13,932.4005670383129
334119040,2024-04-02 03:45:13,938.3002983239217
334219041,2024-04-02 17:38:35,948.7919053617765
334319042,2024-04-03 07:31:56,948.7919053617765
334419043,2024-04-03 21:25:16,961.2632524990415
334519044,2024-04-04 11:18:43,971.9350638007237
334619045,2024-04-05 01:12:36,974.6652438641106
334719046,2024-04-05 15:05:56,983.4011783630102
334819047,2024-04-06 04:59:17,998.710234788402
334919048,2024-04-06 18:52:39,1014.3750620314883
335019049,2024-04-07 08:46:00,1021.6607675101311
335119050,2024-04-07 22:39:21,1030.5533963601113
335219051,2024-04-08 12:32:42,1030.5533963601113
335319052,2024-04-09 02:26:03,1044.2913307074841
335419053,2024-04-09 16:19:24,1044.2913307074841
335519054,2024-04-10 06:13:24,1045.8110309610493
335619055,2024-04-10 20:06:56,1051.9298655085925
335719056,2024-04-11 10:00:57,1065.4687852539
335819057,2024-04-11 23:54:18,1065.4687852539
335919058,2024-04-12 13:47:39,1086.1683121588328
336019059,2024-04-13 03:41:00,1088.671937921486
336119060,2024-04-13 17:34:20,1099.0292593701386
336219061,2024-04-14 07:33:30,1294.0231165654557
336319062,2024-04-14 21:26:50,1300.710939071996
336419063,2024-04-15 11:20:11,1308.2339381747013
336519064,2024-04-16 01:13:33,1311.6960537825073
336619065,2024-04-16 15:06:54,1318.4333604663275
336719066,2024-04-17 05:00:31,1323.9327841089478
336819067,2024-04-17 18:53:51,1335.609937957483
336919068,2024-04-18 08:47:15,1335.609937957483
337019069,2024-04-18 22:40:37,1343.8751916594783
337119070,2024-04-19 12:33:57,1355.1700289779294
337219071,2024-04-20 02:27:18,1357.7548393433908
337319072,2024-04-20 16:20:38,1361.0705385894776
337419073,2024-04-21 06:15:41,1367.3864423277018
337519074,2024-04-21 20:09:06,1372.8148170416364
337619075,2024-04-22 10:02:26,1372.8148170416364
337719076,2024-04-22 23:55:49,1384.2423958848706
337819077,2024-04-23 13:49:09,1395.3808191238652
337919078,2024-04-24 03:42:31,1395.3808191238652
338019079,2024-04-24 17:35:52,1403.8249713032844
338119080,2024-04-25 07:29:12,1409.7006490295053
338219081,2024-04-25 21:22:33,1415.3598564481622
338319082,2024-04-26 11:15:59,1423.6939973470505
338419083,2024-04-27 01:09:26,1429.403250027362
338519084,2024-04-27 15:02:46,1443.43762705464
338619085,2024-04-28 04:56:07,1443.43762705464
338719086,2024-04-28 18:49:27,1451.1625500556922
338819087,2024-04-29 08:42:49,1457.8364010617984
338919088,2024-04-29 22:36:39,1476.875728599281
339019089,2024-04-30 12:29:59,1481.6251976478945
339119090,2024-05-01 02:23:27,1490.2599305215138
339219091,2024-05-01 16:16:48,1493.8713652436006
339319092,2024-05-02 06:10:48,1507.8794581907548
339419093,2024-05-02 20:04:09,1519.1482025080072
339519094,2024-05-03 10:04:41,1519.1482025080072
339619095,2024-05-04 00:01:56,1533.1193881179663
339719096,2024-05-04 13:55:16,1540.4440794568125
339819097,2024-05-05 03:48:47,1549.9176107035742
339919098,2024-05-05 17:42:09,1562.2145110393383
340019099,2024-05-06 07:35:29,1568.8146511710893
340119100,2024-05-06 21:28:50,1572.1136259769064
340219101,2024-05-07 11:22:10,1590.0562105866052
340319102,2024-05-08 01:15:31,1598.4295624590923
340419103,2024-05-08 15:08:52,1612.081493290939
340519104,2024-05-09 05:02:36,1612.081493290939
340619105,2024-05-09 18:55:57,1619.985813612636
340719106,2024-05-10 08:49:53,1625.9319382636922
340819107,2024-05-10 22:43:13,1639.0593075662273
340919108,2024-05-11 12:36:34,1645.7828026233847
341019109,2024-05-12 02:29:56,1666.6496706355076
341119110,2024-05-12 16:23:17,1672.6065476408583
341219111,2024-05-13 06:16:44,1675.2872300468923
341319112,2024-05-13 20:10:05,1691.0434317676388
341419113,2024-05-14 10:03:25,1701.5687146725163
341519114,2024-05-15 00:00:28,1701.5687146725163
341619115,2024-05-15 13:55:56,1708.6861450057108
341719116,2024-05-16 03:49:23,1713.981941514969
341819117,2024-05-16 17:42:51,1727.6452971001795
341919118,2024-05-17 07:36:11,1727.6452971001795
342019119,2024-05-17 21:29:34,1745.5773519433967
342119120,2024-05-18 11:22:55,1748.1030880549683
342219121,2024-05-19 01:16:15,1757.3461199127314
342319122,2024-05-19 15:09:44,1762.7050347610987
342419123,2024-05-20 05:03:09,1765.7963710178615
342519124,2024-05-20 18:56:30,1779.3115014794
342619125,2024-05-21 08:49:51,1791.2600542140165
342719126,2024-05-21 22:43:12,1799.8663993926489
342819127,2024-05-22 12:36:38,1809.034058598598
342919128,2024-05-23 02:29:58,1814.8283407621554
343019129,2024-05-23 16:23:19,1825.0217243622628
343119130,2024-05-24 06:17:14,1831.412717686936
343219131,2024-05-24 20:10:34,1843.6178413055895
343319132,2024-05-25 10:04:55,1850.6074909440954
343419133,2024-05-25 23:58:15,1854.9155508203996
343519134,2024-05-26 13:51:38,1872.8319003763909
343619135,2024-05-27 03:44:59,1872.8319003763909
343719136,2024-05-27 17:38:19,1884.7672196205558
343819137,2024-05-28 07:31:40,1896.396779788247
343919138,2024-05-28 21:25:03,1910.1699768421092
344019139,2024-05-29 11:18:30,1916.9840215126637
344119140,2024-05-30 01:11:52,1936.4420316334295
344219141,2024-05-30 15:05:25,1953.4742364785423
344319142,2024-05-31 04:58:51,1956.1148903357496
344419143,2024-05-31 18:52:12,1962.0581522392692
344519144,2024-06-01 08:45:33,1977.7410003431328
344619145,2024-06-01 22:38:53,1980.271014609751
344719146,2024-06-02 12:32:58,2004.1834150746147
344819147,2024-06-03 02:26:18,2010.2349751247573
344919148,2024-06-03 16:20:03,2010.2349751247573
345019149,2024-06-04 06:13:30,2022.0773668598024
345119150,2024-06-04 20:07:21,2047.2733535719954
345219151,2024-06-05 10:00:52,2055.669613794621
345319152,2024-06-05 23:54:19,2064.021658089696
345419153,2024-06-06 13:47:39,2073.247270623936
345519154,2024-06-07 03:41:02,2080.223657065787
345619155,2024-06-07 17:36:47,2095.1325588000423
345719156,2024-06-08 07:30:07,2097.86559100848
345819157,2024-06-08 21:23:28,2103.265043549498
345919158,2024-06-09 11:16:49,2117.5443123061173
346019159,2024-06-10 01:10:09,2129.871896127906
346119160,2024-06-10 15:03:30,2132.916502821383
346219161,2024-06-11 04:56:50,2145.98677913635
346319162,2024-06-11 18:50:11,2155.7763605136306
346419163,2024-06-12 08:43:37,2163.4253155595056
346519164,2024-06-12 22:37:09,2171.5186898497936
346619165,2024-06-13 12:30:29,2176.8148416248573
346719166,2024-06-14 02:23:50,2186.496887055435
346819167,2024-06-14 16:17:17,2201.0790180358276
346919168,2024-06-15 06:10:37,2207.191059962609
347019169,2024-06-15 20:03:58,2210.2930019641326
347119170,2024-06-16 09:57:20,2223.0965518161306
347219171,2024-06-16 23:50:40,2229.2808694907108
347319172,2024-06-17 13:44:01,2245.516113325024
347419173,2024-06-18 03:37:21,2248.9785222343576
347519174,2024-06-18 17:30:42,2261.7959705205303
347619175,2024-06-19 07:24:02,2261.7959705205303
347719176,2024-06-19 21:17:23,2275.1597486051082
347819177,2024-06-20 11:10:43,2282.0607961806377
347919178,2024-06-21 01:04:04,2296.209067340539
348019179,2024-06-21 14:57:25,2323.7912727889543
348119180,2024-06-22 04:50:51,2323.7912727889543
348219181,2024-06-22 18:44:12,2336.100225781963
348319182,2024-06-23 08:37:32,2341.1199600953223
348419183,2024-06-23 22:30:53,2341.1199600953223
348519184,2024-06-24 12:24:13,2352.8297098197945
348619185,2024-06-25 02:17:34,2356.838148757599
348719186,2024-06-25 16:10:55,2358.4863362470333
348819187,2024-06-26 06:04:15,2358.4863362470333
348919188,2024-06-26 19:57:36,2361.1993552294857
349019189,2024-06-27 09:50:56,2392.504620834396
349119190,2024-06-27 23:44:17,2404.4040860501045
349219191,2024-06-28 13:37:38,2409.723151055023
349319192,2024-06-29 03:30:58,2413.10226844061
349419193,2024-06-29 17:24:19,2423.688937669958
349519194,2024-06-30 07:17:40,2426.347467943871
349619195,2024-06-30 21:11:06,2441.8491542838674
349719196,2024-07-01 11:04:27,2444.770514222975
349819197,2024-07-02 00:58:16,2452.831381606068
349919198,2024-07-02 14:51:52,2458.3685150311326
350019199,2024-07-03 04:45:13,2470.7307038569975
350119200,2024-07-03 18:38:34,2476.995888698016
350219201,2024-07-04 08:31:54,2485.492527364352
350319202,2024-07-04 22:25:15,2500.2063960665278
350419203,2024-07-05 12:18:35,2510.9777708780957
350519204,2024-07-06 02:11:56,2515.8677870310894
350619205,2024-07-06 16:05:16,2518.5086593046362
350719206,2024-07-07 05:58:37,2532.705278910468
350819207,2024-07-07 19:51:57,2536.522806433411
350919208,2024-07-08 09:45:18,2544.5931907982813
351019209,2024-07-08 23:38:39,2550.500051071675
351119210,2024-07-09 13:31:59,2559.032268281465
351219211,2024-07-10 03:25:20,2571.8420143042767
351319212,2024-07-10 17:18:40,2574.41288939539
351419213,2024-07-11 07:12:01,2577.3764685961332
351519214,2024-07-11 21:05:21,2580.2749066147508
351619215,2024-07-12 10:58:42,2588.10915957858
351719216,2024-07-13 00:52:02,2596.008714439268
351819217,2024-07-13 14:45:23,2602.620382658382
351919218,2024-07-14 04:38:53,2605.2270299949882
352019219,2024-07-14 18:32:14,2623.431289510622
352119220,2024-07-15 08:25:34,2623.431289510622
352219221,2024-07-15 22:18:55,2629.9613070934242
352319222,2024-07-16 12:12:15,2641.637131634922
352419223,2024-07-17 02:05:36,2649.153669401353
352519224,2024-07-17 15:58:56,2652.032329130754
352619225,2024-07-18 05:52:17,2660.0338683918067
352719226,2024-07-18 19:45:37,2666.470635830134
352819227,2024-07-19 09:38:58,2668.949530314823
352919228,2024-07-19 23:32:18,2682.910730151663
353019229,2024-07-20 13:25:43,2685.712590697823
353119230,2024-07-21 03:19:04,2695.9261804433595
353219231,2024-07-21 17:12:36,2700.4691843761225
353319232,2024-07-22 07:05:56,2700.4691843761225
353419233,2024-07-22 20:59:17,2722.854206446676
353519234,2024-07-23 10:52:37,2735.6015016423476
353619235,2024-07-24 00:46:00,2735.6015016423476
353719236,2024-07-24 14:39:23,2735.6015016423476
353819237,2024-07-25 04:32:44,2752.265473519869
353919238,2024-07-25 18:26:04,2757.647094816405
354019239,2024-07-26 08:19:29,2763.4887521135665
354119240,2024-07-26 22:12:50,2772.263433811663
354219241,2024-07-27 12:06:10,2772.263433811663
354319242,2024-07-28 01:59:31,2784.581494873312
354419243,2024-07-28 15:53:04,2790.901505019822
354519244,2024-07-29 05:46:54,2790.901505019822
354619245,2024-07-29 19:40:15,2807.9201398933346
354719246,2024-07-30 09:33:35,2813.157442849646
354819247,2024-07-30 23:26:56,2819.690978341498
354919248,2024-07-31 13:20:21,2827.1621941190206
355019249,2024-08-01 03:13:48,2838.342008168938
355119250,2024-08-01 17:07:08,2843.2833368233532
355219251,2024-08-02 07:01:13,2848.426518280607
355319252,2024-08-02 20:54:34,2861.226999497621
355419253,2024-08-03 10:47:55,2866.3564806759473
355519254,2024-08-04 00:41:15,2869.024026947915
355619255,2024-08-04 14:34:36,2881.0344345032613
355719256,2024-08-05 04:27:56,2888.172198364927
355819257,2024-08-05 18:21:18,2890.6812181757177
355919258,2024-08-06 08:14:38,2901.3769572358324
356019259,2024-08-06 22:07:59,2903.1020018962813
356119260,2024-08-07 12:01:32,2925.2167765603485
356219261,2024-08-08 01:54:53,2925.2167765603485
356319262,2024-08-08 15:48:13,2927.996625052522
356419263,2024-08-09 05:41:34,2939.0413562506287
356519264,2024-08-09 19:36:48,2942.032807576291
356619265,2024-08-10 09:30:27,2948.071711415784
356719266,2024-08-10 23:23:58,2948.071711415784
356819267,2024-08-11 13:17:55,2957.0273948403033
356919268,2024-08-12 03:11:15,2957.0273948403033
357019269,2024-08-12 17:04:36,2967.6293971267723
357119270,2024-08-13 06:57:56,2975.981851461295
357219271,2024-08-13 20:52:29,2981.7566611855777
357319272,2024-08-14 10:45:50,2986.553783213496
357419273,2024-08-15 00:39:10,2993.8802730802236
357519274,2024-08-15 14:32:32,2999.045562644573
357619275,2024-08-16 04:25:53,3001.4059496592317
357719276,2024-08-16 18:19:19,3009.9426924545187
357819277,2024-08-17 08:18:58,3009.9426924545187
357919278,2024-08-17 22:12:18,3018.5937933939426
358019279,2024-08-18 12:05:39,3024.5529156789503
358119280,2024-08-19 01:58:59,3027.760613175642
358219281,2024-08-19 15:52:27,3038.167912121616
358319282,2024-08-20 05:45:48,3047.01009546003
358419283,2024-08-20 19:39:08,3057.5466143909694
358519284,2024-08-21 09:32:29,3065.1854904838847
358619285,2024-08-21 23:25:52,3074.6991008763025
358719286,2024-08-22 13:19:12,3080.120862216874
358819287,2024-08-23 03:15:01,3087.378376090191
358919288,2024-08-23 17:08:51,3094.132054856295
359019289,2024-08-24 07:02:20,3105.8544096186542
359119290,2024-08-24 20:55:47,3110.09955888807
359219291,2024-08-25 10:49:07,3115.2483977654406
359319292,2024-08-26 00:42:28,3120.3157211012553
359419293,2024-08-26 14:35:48,3128.3188564396132
359519294,2024-08-27 04:37:20,3130.940666986106
359619295,2024-08-27 18:30:40,3144.379009011665
359719296,2024-08-28 08:29:54,3147.1947425671847
359819297,2024-08-28 22:23:14,3199.4867682335257
359919298,2024-08-29 12:22:31,3211.325432390356
360019299,2024-08-30 02:16:04,3225.043336827192
360119300,2024-08-30 16:09:24,3236.7055855807803
360219301,2024-08-31 06:02:59,3247.1977001025775
360319302,2024-08-31 19:56:30,3263.1289373107625
360419303,2024-09-01 09:49:51,3267.332934891222
360519304,2024-09-01 23:43:55,3287.8120221938943
360619305,2024-09-02 13:37:31,3296.8162761438075
360719306,2024-09-03 03:30:54,3304.8916864116686
360819307,2024-09-03 17:24:21,3317.9008686229004
360919308,2024-09-04 07:17:42,3324.58753439711
361019309,2024-09-04 21:11:03,3341.5636741966323
361119310,2024-09-05 11:04:23,3353.690037048025
361219311,2024-09-06 00:57:44,3362.4750350211093
361319312,2024-09-06 14:51:07,3362.4750350211093
361419313,2024-09-07 04:44:48,3362.4750350211093
361519314,2024-09-07 18:38:09,3362.4750350211093
361619315,2024-09-08 08:31:30,3362.4750350211093
361719316,2024-09-08 22:24:50,3362.4750350211093
361819317,2024-09-09 12:18:11,3362.4750350211093
361919318,2024-09-10 02:12:01,3362.4750350211093
362019319,2024-09-10 16:11:15,3362.4750350211093
362119320,2024-09-11 06:04:39,3362.4750350211093
362219321,2024-09-11 19:58:10,3362.4750350211093
362319322,2024-09-12 09:51:40,3362.4750350211093
362419323,2024-09-12 23:45:10,3362.4750350211093
362519324,2024-09-13 13:38:33,3362.4750350211093
362619325,2024-09-14 03:32:08,3362.4750350211093
362719326,2024-09-14 17:25:29,3362.4750350211093
362819327,2024-09-15 07:18:51,3362.4750350211093
362919328,2024-09-15 21:12:12,3537.4605558215676
363019329,2024-09-16 11:05:37,3543.040793260855
363119330,2024-09-17 00:58:59,3574.9027405989004
363219331,2024-09-17 14:52:19,3582.5356062598626
363319332,2024-09-18 04:45:44,3592.684038979658
363419333,2024-09-18 18:39:06,3608.833441477028
363519334,2024-09-19 08:32:29,3613.7476751370505
363619335,2024-09-19 22:25:54,3630.8227663196785
363719336,2024-09-20 12:19:17,3641.0431053634607
363819337,2024-09-21 02:13:24,3647.101010348589
363919338,2024-09-21 16:06:51,3662.4002111997524
364019339,2024-09-22 06:00:14,3670.061138475075
364119340,2024-09-22 19:53:43,3694.4995120241915
364219341,2024-09-23 09:47:10,3709.5965426161733
364319342,2024-09-23 23:40:38,3713.1740681861866
364419343,2024-09-24 13:34:06,3715.7658279093193
364519344,2024-09-25 03:27:26,3744.7462767115608
364619345,2024-09-25 17:20:52,3756.6155340760392
364719346,2024-09-26 07:14:22,3773.918868331733
364819347,2024-09-26 21:07:43,3785.6377807434615
364919348,2024-09-27 11:01:04,3796.737691524066
365019349,2024-09-28 00:54:25,3814.43383767116
365119350,2024-09-28 14:47:46,3831.221491090988
365219351,2024-09-29 04:41:14,3838.190384040831
365319352,2024-09-29 18:34:35,3853.961178454638
365419353,2024-09-30 08:27:55,3870.6098469874546
365519354,2024-09-30 22:21:16,3878.6805201368047
365619355,2024-10-01 12:14:36,3898.5559705020164
365719356,2024-10-02 02:08:44,3907.6624538330952
365819357,2024-10-02 16:02:04,3926.457406057422
365919358,2024-10-03 05:55:25,3931.827864500021
366019359,2024-10-03 19:48:58,3949.922133572571
366119360,2024-10-04 09:42:31,3956.3209542167624
366219361,2024-10-04 23:35:52,3964.720451425972
366319362,2024-10-05 13:29:21,3976.8848863583853
366419363,2024-10-06 03:22:44,3984.786564775992
366519364,2024-10-06 17:16:05,3994.392592814101
366619365,2024-10-07 07:09:25,4000.599296165486
366719366,2024-10-07 21:02:46,4021.5458512982063
366819367,2024-10-08 10:56:06,4026.9177648784535
366919368,2024-10-09 00:49:38,4038.5380095506284
367019369,2024-10-09 14:42:59,4047.9704147851153
367119370,2024-10-10 04:36:19,4059.0941041408355
367219371,2024-10-10 18:29:46,4068.3378038895994
367319372,2024-10-11 08:29:03,4073.9168581179233
367419373,2024-10-11 22:22:24,4090.6044564724953
367519374,2024-10-12 12:15:44,4097.156225061627
367619375,2024-10-13 02:09:05,4103.940609146854
367719376,2024-10-13 16:02:25,4103.940609146854
367819377,2024-10-14 06:01:34,4103.940609146854
367919378,2024-10-14 19:54:54,4103.940609146854
368019379,2024-10-15 09:48:15,4103.940609146854
368119380,2024-10-15 23:41:39,4103.940609146854
368219381,2024-10-16 13:34:59,4103.940609146854
368319382,2024-10-17 03:28:20,4103.940609146854
368419383,2024-10-17 17:21:40,4103.940609146854
368519384,2024-10-18 07:15:01,4103.940609146854
368619385,2024-10-18 21:08:22,4103.940609146854
368719386,2024-10-19 11:01:42,4103.940609146854
368819387,2024-10-20 00:55:03,4103.940609146854
368919388,2024-10-20 14:48:23,4103.940609146854
369019389,2024-10-21 04:41:44,4103.940609146854
369119390,2024-10-21 18:35:10,4103.940609146854
369219391,2024-10-22 08:28:55,4103.940609146854
369319392,2024-10-22 22:22:16,4103.940609146854
369419393,2024-10-23 12:15:36,4103.940609146854
369519394,2024-10-24 02:14:45,4103.940609146854
369619395,2024-10-24 16:08:24,4103.940609146854
369719396,2024-10-25 06:01:44,4103.940609146854
369819397,2024-10-25 19:55:47,4103.940609146854
369919398,2024-10-26 09:49:13,4103.940609146854
370019399,2024-10-26 23:42:34,4103.940609146854
370119400,2024-10-27 13:35:54,4103.940609146854
370219401,2024-10-28 03:29:21,4103.940609146854
370319402,2024-10-28 17:22:41,4103.940609146854
370419403,2024-10-29 07:17:17,4103.940609146854
370519404,2024-10-29 21:10:56,4103.940609146854
370619405,2024-10-30 11:04:47,4103.940609146854
370719406,2024-10-31 00:58:13,4103.940609146854
370819407,2024-10-31 14:51:34,4103.940609146854
370919408,2024-11-01 04:50:06,4103.940609146854
371019409,2024-11-01 18:44:03,4103.940609146854
371119410,2024-11-02 08:38:11,4103.940609146854
371219411,2024-11-02 22:31:31,4103.940609146854
371319412,2024-11-03 12:24:58,4103.940609146854
371419413,2024-11-04 02:18:18,4103.940609146854
371519414,2024-11-04 16:11:45,4103.940609146854
371619415,2024-11-05 06:05:05,4103.940609146854
371719416,2024-11-05 19:58:26,4103.940609146854
371819417,2024-11-06 09:51:47,4103.940609146854
371919418,2024-11-06 23:45:07,4103.940609146854
372019419,2024-11-07 13:38:34,4103.940609146854
372119420,2024-11-08 03:32:01,4103.940609146854
372219421,2024-11-08 17:26:58,4103.940609146854
372319422,2024-11-09 07:20:19,4103.940609146854
372419423,2024-11-09 21:13:40,4103.940609146854
372519424,2024-11-10 11:07:00,4103.940609146854
372619425,2024-11-11 01:00:21,4103.940609146854
372719426,2024-11-11 14:53:43,4103.940609146854
372819427,2024-11-12 04:47:06,4103.940609146854
372919428,2024-11-12 18:40:33,4103.940609146854
373019429,2024-11-13 08:33:55,4103.940609146854
373119430,2024-11-13 22:27:16,4103.940609146854
373219431,2024-11-14 12:20:40,4103.940609146854
373319432,2024-11-15 02:14:08,4103.940609146854
373419433,2024-11-15 16:07:29,4103.940609146854
373519434,2024-11-16 06:00:51,4103.940609146854
373619435,2024-11-16 19:54:29,4103.940609146854
373719436,2024-11-17 09:47:50,4103.940609146854
373819437,2024-11-17 23:41:10,4103.940609146854
373919438,2024-11-18 13:34:36,4106.185872001442
374019439,2024-11-19 03:27:56,4106.185872001442
374119440,2024-11-19 17:21:17,4106.185872001442
374219441,2024-11-20 07:14:37,4106.185872001442
374319442,2024-11-20 21:09:16,4106.185872001442
374419443,2024-11-21 11:02:59,4106.185872001442
374519444,2024-11-22 00:56:19,4106.185872001442
374619445,2024-11-22 14:49:41,4106.185872001442
374719446,2024-11-23 04:43:02,4106.185872001442
374819447,2024-11-23 18:36:22,4106.185872001442
374919448,2024-11-24 08:29:43,4228.975163040946
375019449,2024-11-24 22:23:04,4241.969519713448
375119450,2024-11-25 12:19:31,4247.866956583621
375219451,2024-11-26 02:12:52,4247.866956583621
375319452,2024-11-26 16:07:24,4247.866956583621
375419453,2024-11-27 06:00:46,4247.866956583621
375519454,2024-11-27 19:54:09,4247.866956583621
375619455,2024-11-28 09:48:29,4247.866956583621
375719456,2024-11-28 23:42:24,4247.866956583621
375819457,2024-11-29 13:35:44,4247.866956583621
375919458,2024-11-30 03:29:06,4247.866956583621
376019459,2024-11-30 17:22:28,4247.866956583621
376119460,2024-12-01 07:16:01,4247.866956583621
376219461,2024-12-01 21:09:22,4247.866956583621
376319462,2024-12-02 11:03:26,4247.866956583621
376419463,2024-12-03 00:56:48,4247.866956583621
376519464,2024-12-03 14:50:10,4247.866956583621
376619465,2024-12-04 04:43:32,4247.866956583621
376719466,2024-12-04 18:38:40,4247.866956583621
376819467,2024-12-05 08:32:13,4247.866956583621
376919468,2024-12-05 22:26:27,4247.866956583621
377019469,2024-12-06 12:20:03,4247.866956583621
377119470,2024-12-07 02:13:29,4247.866956583621
377219471,2024-12-07 16:06:50,4247.866956583621
377319472,2024-12-08 06:00:10,4247.866956583621
377419473,2024-12-08 19:53:31,4247.866956583621
377519474,2024-12-09 09:46:52,4247.866956583621
377619475,2024-12-09 23:40:13,4247.866956583621
377719476,2024-12-10 13:33:35,4247.866956583621
377819477,2024-12-11 03:26:56,4247.866956583621
377919478,2024-12-11 17:20:17,4247.866956583621
378019479,2024-12-12 07:13:49,4247.866956583621
378119480,2024-12-12 21:07:10,4247.866956583621
378219481,2024-12-13 11:00:31,4247.866956583621
378319482,2024-12-14 00:53:51,4247.866956583621
378419483,2024-12-14 14:47:12,4247.866956583621
378519484,2024-12-15 04:40:32,4247.866956583621
378619485,2024-12-15 18:33:53,4247.866956583621
378719486,2024-12-16 08:27:18,4247.866956583621
378819487,2024-12-16 22:20:38,4247.866956583621
378919488,2024-12-17 12:13:59,4247.866956583621
379019489,2024-12-18 02:07:19,4247.866956583621
379119490,2024-12-18 16:00:40,4247.866956583621
379219491,2024-12-19 05:54:00,4247.866956583621
379319492,2024-12-19 19:47:21,4247.866956583621
379419493,2024-12-20 09:40:41,4247.866956583621
379519494,2024-12-20 23:34:02,4247.866956583621
379619495,2024-12-21 13:27:22,4247.866956583621
379719496,2024-12-22 03:20:43,4247.866956583621
379819497,2024-12-22 17:14:04,4247.866956583621
379919498,2024-12-23 07:07:24,4247.866956583621
380019499,2024-12-23 21:00:45,4247.866956583621
380119500,2024-12-24 10:54:05,4247.866956583621
380219501,2024-12-25 00:47:26,4247.866956583621
380319502,2024-12-25 14:40:46,4247.866956583621
380419503,2024-12-26 04:34:07,4247.866956583621
380519504,2024-12-26 18:27:28,4247.866956583621
380619505,2024-12-27 08:20:48,4247.866956583621
380719506,2024-12-27 22:14:09,4247.866956583621
380819507,2024-12-28 12:07:35,4247.866956583621
380919508,2024-12-29 02:00:56,4247.866956583621
381019509,2024-12-29 15:54:18,4247.866956583621
381119510,2024-12-30 05:53:26,4247.866956583621
381219511,2024-12-30 19:46:48,4247.866956583621
381319512,2024-12-31 09:40:08,4247.866956583621
381419513,2024-12-31 23:33:29,4247.866956583621
381519514,2025-01-01 13:26:49,4247.866956583621
381619515,2025-01-02 03:21:16,4247.866956583621
381719516,2025-01-02 17:14:37,4247.866956583621
381819517,2025-01-03 07:07:57,4247.866956583621
381919518,2025-01-03 21:01:18,4247.866956583621
382019519,2025-01-04 10:54:38,4247.866956583621
382119520,2025-01-05 00:48:01,4247.866956583621
382177665,2025-01-05 08:53:45,4247.866956583621
382182295,2025-01-05 09:32:20,4247.866956583621
