block,date_time,eth_amount,usd_redemptions
311868153,2023-11-25 07:35:53,0.0,0.0
311968154,2023-11-25 21:29:21,0.0,0.0
312068155,2023-11-26 11:22:41,0.0,0.0
312168156,2023-11-27 01:16:03,0.0,0.0
312268157,2023-11-27 15:15:35,0.0,0.0
312368158,2023-11-28 05:09:08,0.0,0.0
312468159,2023-11-28 19:02:29,0.0,0.0
312568160,2023-11-29 08:55:55,0.0,0.0
312668161,2023-11-29 22:49:17,0.0,0.0
312768162,2023-11-30 12:48:33,0.0,0.0
312868163,2023-12-01 02:43:46,0.0,0.0
312968164,2023-12-01 16:37:57,0.0,0.0
313068165,2023-12-02 06:31:51,0.0,0.0
313168166,2023-12-02 20:25:34,0.0,0.0
313268167,2023-12-03 10:19:09,0.0,0.0
313368168,2023-12-04 00:12:32,0.0,0.0
313468169,2023-12-04 14:05:57,0.0,0.0
313568170,2023-12-05 03:59:17,0.0,0.0
313668171,2023-12-05 17:52:38,0.0,0.0
313768172,2023-12-06 07:45:59,0.0,0.0
313868173,2023-12-06 21:39:22,0.0,0.0
313968174,2023-12-07 11:38:37,0.0,0.0
314068175,2023-12-08 01:31:58,0.0,0.0
314168176,2023-12-08 15:25:18,0.0,0.0
314268177,2023-12-09 05:18:39,537.5052004971752,123.85974122227266
314368178,2023-12-09 19:12:01,1160.9956697690493,267.5334547177638
314468179,2023-12-10 09:05:22,1351.959879109207,311.5381964946057
314568180,2023-12-10 22:58:45,1688.2049896764636,389.0206698615471
314668181,2023-12-11 12:52:07,1743.995886261025,401.87681712697
314768182,2023-12-12 02:45:31,1831.7870231754816,422.10692371901
314868183,2023-12-12 16:39:40,1831.848268089689,422.1210366600902
314968184,2023-12-13 06:33:13,1882.5395597084523,433.8020590135767
315068185,2023-12-13 20:26:36,1882.5395597084523,433.8020590135767
315168186,2023-12-14 10:19:59,1882.5395597084523,433.8020590135767
315268187,2023-12-15 00:13:25,1911.750716667117,440.5333173127649
315368188,2023-12-15 14:09:28,1994.612676947536,459.62757155999776
315468189,2023-12-16 04:02:56,2151.896827224225,495.8712658230789
315568190,2023-12-16 17:56:16,2152.943471262332,496.11244871692224
315668191,2023-12-17 07:49:39,2152.943471262332,496.11244871692224
315768192,2023-12-17 21:43:00,2176.200823903256,501.47174510504186
315868193,2023-12-18 11:36:26,2186.4609263983243,503.8360266762298
315968194,2023-12-19 01:29:46,2186.4609263983243,503.8360266762298
316068195,2023-12-19 15:23:18,2186.4609263983243,503.8360266762298
316168196,2023-12-20 05:16:50,2192.632259460019,505.25811471428216
316268197,2023-12-20 19:10:11,2192.6723481370977,505.2673525284732
316368198,2023-12-21 09:04:35,2192.6723481370977,505.2673525284732
316468199,2023-12-21 22:58:40,2192.6723481370977,505.2673525284732
316568200,2023-12-22 12:52:03,2393.3546633351552,551.5114811533247
316668201,2023-12-23 02:51:25,2545.4308892061463,586.5550899686775
316768202,2023-12-23 16:45:48,2554.929837384473,588.7439753267412
316868203,2023-12-24 06:39:09,2556.497575215301,589.1052362072891
316968204,2023-12-24 20:32:36,2556.546226346678,589.1164471063407
317068205,2023-12-25 10:26:00,2568.905618247739,591.9644773786322
317168206,2023-12-26 00:20:14,3419.659766019433,788.007582616143
317268207,2023-12-26 14:18:28,4053.710241909392,934.1146859389544
317368208,2023-12-27 04:11:50,5050.189829370442,1163.7379597641
317468209,2023-12-27 18:05:11,5571.622769793234,1283.8940977992245
317568210,2023-12-28 07:58:32,6688.773022294083,1541.324055785052
317668211,2023-12-28 21:52:05,7325.414836016682,1688.0282927413116
317768212,2023-12-29 11:45:28,7479.57756798875,1723.552704543313
317868213,2023-12-30 01:38:49,7607.88859683097,1753.119992103807
317968214,2023-12-30 15:32:10,7693.10237365267,1772.7561860158764
318068215,2023-12-31 05:25:30,7693.113766762423,1772.7588113814068
318168216,2023-12-31 19:19:09,7693.113766762423,1772.7588113814068
318268217,2024-01-01 09:12:29,7693.113766762423,1772.7588113814068
318368218,2024-01-01 23:05:51,7693.113766762423,1772.7588113814068
318468219,2024-01-02 12:59:58,7693.136370489186,1772.7640200598437
318568220,2024-01-03 02:53:38,7693.136370489186,1772.7640200598437
318668221,2024-01-03 16:47:28,7727.8250595353,1780.7574907176484
318768222,2024-01-04 06:41:02,7727.8250595353,1780.7574907176484
318868223,2024-01-04 20:34:22,7745.443508167774,1784.8173890894925
318968224,2024-01-05 10:27:43,7745.443508167774,1784.8173890894925
319068225,2024-01-06 00:21:04,7787.422090969717,1794.490702757745
319168226,2024-01-06 14:14:25,8603.697517160004,1982.5887210848457
319268227,2024-01-07 04:07:47,8697.887639509718,2004.2933746754316
319368228,2024-01-07 18:01:07,8756.142017686581,2017.7171930857032
319468229,2024-01-08 07:54:28,9623.202861375945,2217.517923616299
319568230,2024-01-08 21:47:52,9627.691532383717,2218.5522682681094
319668231,2024-01-09 11:41:14,9627.73151429178,2218.5614567472926
319768232,2024-01-10 01:34:45,9742.239058195648,2246.4043718277626
319868233,2024-01-10 15:28:10,9745.18722644333,2247.1212293846065
319968234,2024-01-11 05:21:56,9977.103917599476,2301.4607694183255
320068235,2024-01-11 19:15:18,10527.25991500206,2430.3657813716063
320168236,2024-01-12 09:08:38,10834.69355388603,2505.11870475708
320268237,2024-01-12 23:01:59,11745.329727291297,2726.54117612267
320368238,2024-01-13 12:55:35,12319.592081741484,2860.1521569609613
320468239,2024-01-14 02:49:03,12361.275718098756,2869.5425415833347
320568240,2024-01-14 16:42:25,12361.29721491532,2869.5473843320324
320668241,2024-01-15 06:35:51,12410.14249879849,2880.7912273100383
320768242,2024-01-15 20:29:19,12444.940561358417,2888.8014981132233
320868243,2024-01-16 10:22:43,12489.786371974453,2898.885343584421
320968244,2024-01-17 00:16:07,12527.107497070436,2907.1941187338994
321068245,2024-01-17 14:09:31,12620.615119411255,2928.011653221246
321168246,2024-01-18 04:02:53,12638.649488672216,2931.8119773989197
321268247,2024-01-18 17:56:13,12638.649488672216,2931.8119773989197
321368248,2024-01-19 07:49:35,12651.324210792178,2934.4283370968196
321468249,2024-01-19 21:42:55,12651.334340077705,2934.4304280187484
321568250,2024-01-20 11:36:22,12651.334340077705,2934.4304280187484
321668251,2024-01-21 01:29:43,12651.334340077705,2934.4304280187484
321768252,2024-01-21 15:23:03,12651.334340077705,2934.4304280187484
321868253,2024-01-22 05:16:30,12651.420245159914,2934.4479666898005
321968254,2024-01-22 19:09:54,12663.401092555589,2936.8940168651034
322068255,2024-01-23 09:03:33,12692.151488687634,2942.385022600546
322168256,2024-01-23 22:57:06,12721.18980382604,2947.9310176623276
322268257,2024-01-24 12:50:48,12721.18980382604,2947.9310176623276
322368258,2024-01-25 02:44:10,12749.055079120564,2953.3474486983077
322468259,2024-01-25 16:38:37,12749.097359054073,2953.3556670396533
322568260,2024-01-26 06:31:57,12749.097359054073,2953.3556670396533
322668261,2024-01-26 20:25:32,12749.097359054073,2953.3556670396533
322768262,2024-01-27 10:18:57,12749.097359054073,2953.3556670396533
322868263,2024-01-28 00:12:19,12749.097359054073,2953.3556670396533
322968264,2024-01-28 14:05:39,12749.097359054073,2953.3556670396533
323068265,2024-01-29 03:59:01,12749.097359054073,2953.3556670396533
323168266,2024-01-29 17:52:23,12749.104572043265,2953.3571712688554
323268267,2024-01-30 07:45:47,12749.104572043265,2953.3571712688554
323368268,2024-01-30 21:39:10,12749.275424343386,2953.392726113167
323468269,2024-01-31 11:32:38,12821.809060862028,2968.125128012952
323568270,2024-02-01 01:26:00,12821.809060862028,2968.125128012952
323668271,2024-02-01 15:19:23,12821.809060862028,2968.125128012952
323768272,2024-02-02 05:13:25,12821.839674301207,2968.131265570985
323868273,2024-02-02 19:06:45,12821.839674301207,2968.131265570985
323968274,2024-02-03 09:00:26,13382.676839211705,3081.343667702765
324068275,2024-02-03 22:53:46,14118.674493634571,3229.9145321779565
324168276,2024-02-04 12:47:08,14307.624652063649,3267.7062351299382
324268277,2024-02-05 02:40:36,14601.464603825623,3326.0644950540127
324368278,2024-02-05 16:33:59,14744.035829474806,3354.379938867006
324468279,2024-02-06 06:27:20,14846.125582734256,3374.3945318798687
324568280,2024-02-06 20:20:52,15026.388822132629,3409.7349578927483
324668281,2024-02-07 10:14:19,15176.100803268568,3438.992581622349
324768282,2024-02-08 00:07:46,15246.020990598194,3452.671354903627
324868283,2024-02-08 14:01:17,15274.572466171478,3458.256997278578
324968284,2024-02-09 03:54:37,15360.608090704294,3475.0812968539917
325068285,2024-02-09 17:47:58,15418.520876861869,3486.406164533545
325168286,2024-02-10 07:41:18,15647.934547702813,3531.594243010967
325268287,2024-02-10 21:34:57,15647.934547702813,3531.594243010967
325368288,2024-02-11 11:28:17,15665.089654984467,3535.025338484097
325468289,2024-02-12 01:24:17,15675.255346775592,3537.118176314073
325568290,2024-02-12 15:17:39,15675.255346775592,3537.118176314073
325668291,2024-02-13 05:11:03,15714.429541573823,3545.5686455683644
325768292,2024-02-13 19:04:24,15735.970770290322,3550.2154160228947
325868293,2024-02-14 08:58:21,15753.585488916317,3554.1538310175274
325968294,2024-02-14 22:51:43,15753.585488916317,3554.1538310175274
326068295,2024-02-15 12:45:06,15753.585488916317,3554.1538310175274
326168296,2024-02-16 02:38:27,15753.585488916317,3554.1538310175274
326268297,2024-02-16 16:32:02,15753.60815933489,3554.1594582284065
326368298,2024-02-17 06:25:26,15753.60815933489,3554.1594582284065
326468299,2024-02-17 20:18:49,15753.60815933489,3554.1594582284065
326568300,2024-02-18 10:12:09,15753.728821749004,3554.199650423912
326668301,2024-02-19 00:05:31,15784.40261316453,3565.933433140992
326768302,2024-02-19 13:58:52,15825.236967151044,3581.553981334052
326868303,2024-02-20 03:52:13,16065.220000553223,3670.603870148207
326968304,2024-02-20 17:45:33,16900.49431590899,3980.5469684467353
327068305,2024-02-21 07:45:12,16900.635560883286,3980.5955065303983
327168306,2024-02-21 21:38:34,16986.361474125755,4010.054760353522
327268307,2024-02-22 11:31:59,17027.220628684823,4023.884634020163
327368308,2024-02-23 01:25:21,17091.443782051785,4046.61662215031
327468309,2024-02-23 15:18:46,17266.206465303516,4108.4744262754275
327568310,2024-02-24 05:12:08,17656.217684909912,4245.168996896511
327668311,2024-02-24 19:11:20,17656.217684909912,4245.168996896511
327768312,2024-02-25 09:04:41,17673.924737400404,4252.104137801043
327868313,2024-02-25 22:58:03,17776.29084151378,4292.196827211404
327968314,2024-02-26 12:51:33,18015.210158545775,4399.933564608628
328068315,2024-02-27 02:45:25,18364.323808465462,4581.10462630296
328168316,2024-02-27 16:38:48,19287.18588385483,5060.02002257632
328268317,2024-02-28 06:32:37,19287.49505679286,5060.190246912502
328368318,2024-02-28 20:26:45,19841.080233026172,5364.982994116825
328468319,2024-02-29 10:20:06,20116.99447481138,5522.08086663679
328568320,2024-03-01 00:13:28,21163.03572375071,6049.93423832583
328668321,2024-03-01 14:09:49,21163.03572375071,6049.93423832583
328768322,2024-03-02 04:05:45,21163.03572375071,6049.93423832583
328868323,2024-03-02 17:59:20,21174.99956204023,6056.278351772068
328968324,2024-03-03 07:54:02,21247.021749077292,6094.446318356617
329068325,2024-03-03 21:47:31,21401.477108539053,6176.299525559381
329168326,2024-03-04 11:42:13,21675.781543327197,6314.183663049878
329268327,2024-03-05 01:39:31,22589.02799359553,6773.452274078385
329368328,2024-03-05 15:33:01,22770.848191465728,6864.8890485747315
329468329,2024-03-06 05:26:27,23854.333793005313,7363.075605899657
329568330,2024-03-06 19:19:48,23940.760036083804,7402.814382714613
329668331,2024-03-07 09:13:09,23956.748098076605,7410.334777910383
329768332,2024-03-07 23:06:35,24072.086927747376,7464.58735592343
329868333,2024-03-08 13:00:09,24121.150516075595,7487.3737157606765
329968334,2024-03-09 02:53:29,24199.976598952027,7523.732984800506
330068335,2024-03-09 16:47:26,24276.744930498764,7559.1430967658835
330168336,2024-03-10 06:41:05,24354.402909099623,7594.371057217084
330268337,2024-03-10 20:34:27,24582.245191446385,7697.72706848898
330368338,2024-03-11 10:27:52,24756.704049997777,7771.593892686478
330468339,2024-03-12 00:21:14,25067.981738515347,7911.304142258371
330568340,2024-03-12 14:14:34,25224.62328710788,7981.609309170311
330668341,2024-03-13 04:07:55,25613.750081404934,8151.052288553261
330768342,2024-03-13 18:01:15,26875.382191663717,8700.422588364212
330868343,2024-03-14 07:54:39,27087.15625692217,8792.349371979482
330968344,2024-03-14 21:48:10,27899.36904754071,9144.914306508284
331068345,2024-03-15 11:46:00,29227.296127036883,9713.53695014087
331168346,2024-03-16 01:40:32,29501.844583025944,9824.091583121848
331268347,2024-03-16 15:33:56,29805.549492632126,9946.386879575348
331368348,2024-03-17 05:27:36,30075.779466822525,10046.242413688851
331468349,2024-03-17 19:20:56,30075.779466822525,10046.242413688851
331568350,2024-03-18 09:16:24,30126.413147531155,10064.950126568909
331668351,2024-03-18 23:13:29,30568.82458560108,10228.40863960672
331768352,2024-03-19 13:07:09,31481.44091615709,10517.854016808244
331868353,2024-03-20 03:00:59,31481.44091615709,10517.854016808244
331968354,2024-03-20 16:54:30,31481.44091615709,10517.854016808244
332068355,2024-03-21 06:47:51,31482.621549273343,10518.265681839754
332168356,2024-03-21 20:41:13,31503.633046914416,10525.59200423354
332268357,2024-03-22 10:40:28,31525.263460435384,10534.06659877446
332368358,2024-03-23 00:33:49,31598.46868646952,10563.034611573208
332468359,2024-03-23 14:27:10,31611.848424217413,10568.329102626947
332568360,2024-03-24 04:20:31,31611.848424217413,10568.329102626947
332668361,2024-03-24 18:13:57,31655.65204326403,10585.673107075938
332768362,2024-03-25 08:07:26,32128.909109495235,10754.986120648138
332868363,2024-03-25 22:01:13,32128.909109495235,10754.986120648138
332968364,2024-03-26 11:54:33,32128.909109495235,10754.986120648138
333068365,2024-03-27 01:47:54,32164.78651677729,10768.121305638631
333168366,2024-03-27 15:41:15,32164.78651677729,10768.121305638631
333268367,2024-03-28 05:34:35,32164.78651677729,10768.121305638631
333368368,2024-03-28 19:27:56,32164.81132388879,10768.130297965568
333468369,2024-03-29 09:21:17,32174.165756394865,10771.665757407383
333568370,2024-03-29 23:14:51,32174.165756394865,10771.665757407383
333668371,2024-03-30 13:08:53,32174.165756394865,10771.665757407383
333768372,2024-03-31 03:02:15,32174.17042358722,10771.667629098802
333868373,2024-03-31 16:55:38,32244.023306450403,10799.680839468128
333968374,2024-04-01 06:49:00,32281.04017032446,10814.520216344185
334068375,2024-04-01 20:42:21,32392.652251414096,10859.26343772688
334168376,2024-04-02 10:36:21,32449.933264336913,10880.56319689154
334268377,2024-04-03 00:29:43,32538.44471842971,10912.302317357928
334368378,2024-04-03 14:23:04,32538.44471842971,10912.302317357928
334468379,2024-04-04 04:16:30,32549.619804369428,10916.181346904828
334568380,2024-04-04 18:10:23,32549.619804369428,10916.181346904828
334668381,2024-04-05 08:03:44,32555.58496966748,10918.276673371496
334768382,2024-04-05 21:57:04,32555.58496966748,10918.276673371496
334868383,2024-04-06 11:50:25,32555.58496966748,10918.276673371496
334968384,2024-04-07 01:43:48,32555.58496966748,10918.276673371496
335068385,2024-04-07 15:37:08,32555.58496966748,10918.276673371496
335168386,2024-04-08 05:30:29,32555.58496966748,10918.276673371496
335268387,2024-04-08 19:23:50,32555.58496966748,10918.276673371496
335368388,2024-04-09 09:17:11,32555.58496966748,10918.276673371496
335468389,2024-04-09 23:10:50,32555.58496966748,10918.276673371496
335568390,2024-04-10 13:04:44,32555.58496966748,10918.276673371496
335668391,2024-04-11 02:58:43,32555.58496966748,10918.276673371496
335768392,2024-04-11 16:52:06,32555.58496966748,10918.276673371496
335868393,2024-04-12 06:45:26,32561.28660818793,10920.05478942918
335968394,2024-04-12 20:38:47,32561.28660818793,10920.05478942918
336068395,2024-04-13 10:32:08,32561.28660818793,10920.05478942918
336168396,2024-04-14 00:31:16,32582.81094799295,10925.857779863689
336268397,2024-04-14 14:24:38,32590.07007558066,10927.814850247076
336368398,2024-04-15 04:17:58,32590.07007558066,10927.814850247076
336468399,2024-04-15 18:11:20,32609.88478535858,10933.39433020495
336568400,2024-04-16 08:04:41,32664.462001076943,10948.3616071292
336668401,2024-04-16 21:58:18,32664.462001076943,10948.3616071292
336768402,2024-04-17 11:51:39,32664.462001076943,10948.3616071292
336868403,2024-04-18 01:45:00,32664.462001076943,10948.3616071292
336968404,2024-04-18 15:38:23,32664.462001076943,10948.3616071292
337068405,2024-04-19 05:31:45,32664.462001076943,10948.3616071292
337168406,2024-04-19 19:25:05,32664.462001076943,10948.3616071292
337268407,2024-04-20 09:18:26,32664.462001076943,10948.3616071292
337368408,2024-04-20 23:13:28,32664.465790210183,10948.362886958988
337468409,2024-04-21 13:06:49,32664.465790210183,10948.362886958988
337568410,2024-04-22 03:00:14,32664.465790210183,10948.362886958988
337668411,2024-04-22 16:53:35,32664.465790210183,10948.362886958988
337768412,2024-04-23 06:46:57,32664.465790210183,10948.362886958988
337868413,2024-04-23 20:40:17,32664.465790210183,10948.362886958988
337968414,2024-04-24 10:33:39,32664.465790210183,10948.362886958988
338068415,2024-04-25 00:27:00,32664.465790210183,10948.362886958988
338168416,2024-04-25 14:20:20,32664.465790210183,10948.362886958988
338268417,2024-04-26 04:13:47,32664.465790210183,10948.362886958988
338368418,2024-04-26 18:07:13,32664.465790210183,10948.362886958988
338468419,2024-04-27 08:00:34,32664.465790210183,10948.362886958988
338568420,2024-04-27 21:53:54,32664.465790210183,10948.362886958988
338668421,2024-04-28 11:47:15,32664.465790210183,10948.362886958988
338768422,2024-04-29 01:40:35,32664.465790210183,10948.362886958988
338868423,2024-04-29 15:34:14,32664.465790210183,10948.362886958988
338968424,2024-04-30 05:27:47,32664.465790210183,10948.362886958988
339068425,2024-04-30 19:21:13,32664.465790210183,10948.362886958988
339168426,2024-05-01 09:14:35,32664.465790210183,10948.362886958988
339268427,2024-05-01 23:07:56,32664.465790210183,10948.362886958988
339368428,2024-05-02 13:01:56,32664.465790210183,10948.362886958988
339468429,2024-05-03 02:55:17,32664.465790210183,10948.362886958988
339568430,2024-05-03 16:59:43,32664.465790210183,10948.362886958988
339668431,2024-05-04 06:53:04,32664.465790210183,10948.362886958988
339768432,2024-05-04 20:46:34,32664.465790210183,10948.362886958988
339868433,2024-05-05 10:39:55,32664.465790210183,10948.362886958988
339968434,2024-05-06 00:33:17,32673.227048882192,10951.28775549616
340068435,2024-05-06 14:26:37,32673.227048882192,10951.28775549616
340168436,2024-05-07 04:19:58,32965.25301895948,11042.80527639884
340268437,2024-05-07 18:13:18,32965.25301895948,11042.80527639884
340368438,2024-05-08 08:06:39,32982.35646953744,11047.949449903095
340468439,2024-05-08 22:00:00,33009.428337291116,11056.091805983491
340568440,2024-05-09 11:53:44,33009.428337291116,11056.091805983491
340668441,2024-05-10 01:47:13,33009.5237800687,11056.119963843785
340768442,2024-05-10 15:41:01,33009.5237800687,11056.119963843785
340868443,2024-05-11 05:34:21,33016.896474515386,11058.241267060712
340968444,2024-05-11 19:27:43,33016.896474515386,11058.241267060712
341068445,2024-05-12 09:21:04,33016.896474515386,11058.241267060712
341168446,2024-05-12 23:14:25,33016.896474515386,11058.241267060712
341268447,2024-05-13 13:07:52,36933.67612810058,12189.655285777131
341368448,2024-05-14 03:01:13,36933.67612810058,12189.655285777131
341468449,2024-05-14 16:54:33,36933.69409142656,12189.66068602105
341568450,2024-05-15 06:53:42,36933.69409142656,12189.66068602105
341668451,2024-05-15 20:47:04,36933.69409142656,12189.66068602105
341768452,2024-05-16 10:40:38,36933.69409142656,12189.66068602105
341868453,2024-05-17 00:33:59,36933.69409142656,12189.66068602105
341968454,2024-05-17 14:27:22,36933.69409142656,12189.66068602105
342068455,2024-05-18 04:20:42,36933.69409142656,12189.66068602105
342168456,2024-05-18 18:14:03,36933.69409142656,12189.66068602105
342268457,2024-05-19 08:07:28,36952.61229208158,12195.51479332856
342368458,2024-05-19 22:00:56,36952.61229208158,12195.51479332856
342468459,2024-05-20 11:54:17,36952.61229208158,12195.51479332856
342568460,2024-05-21 01:47:38,36965.82483853349,12199.730002640486
342668461,2024-05-21 15:40:59,36965.82483853349,12199.730002640486
342768462,2024-05-22 05:34:20,36965.82483853349,12199.730002640486
342868463,2024-05-22 19:27:46,36965.82483853349,12199.730002640486
342968464,2024-05-23 09:21:06,36965.82483853349,12199.730002640486
343068465,2024-05-23 23:14:33,36965.82483853349,12199.730002640486
343168466,2024-05-24 13:08:22,36965.82483853349,12199.730002640486
343268467,2024-05-25 03:01:42,36965.82483853349,12199.730002640486
343368468,2024-05-25 16:56:03,36975.67965483618,12202.737262408808
343468469,2024-05-26 06:49:23,36975.67965483618,12202.737262408808
343568470,2024-05-26 20:42:46,36975.67965483618,12202.737262408808
343668471,2024-05-27 10:36:07,36986.07361674087,12205.857186273925
343768472,2024-05-28 00:29:27,36986.07361674087,12205.857186273925
343868473,2024-05-28 14:22:49,37078.60536880397,12233.528687943624
343968474,2024-05-29 04:16:11,37078.60536880397,12233.528687943624
344068475,2024-05-29 18:09:38,37120.47441029267,12245.846406194583
344168476,2024-05-30 08:03:12,37180.225629288856,12263.12919143285
344268477,2024-05-30 21:56:39,37346.97216804819,12311.359916546357
344368478,2024-05-31 11:49:59,37402.05229560029,12326.655705351752
344468479,2024-06-01 01:43:20,37437.27191464164,12336.34830806783
344568480,2024-06-01 15:36:41,37488.072272934674,12350.32880258115
344668481,2024-06-02 05:30:45,37488.072272934674,12350.32880258115
344768482,2024-06-02 19:24:06,37488.072272934674,12350.32880258115
344868483,2024-06-03 09:17:26,37488.08314510502,12350.33165893678
344968484,2024-06-03 23:11:18,37488.08314510502,12350.33165893678
345068485,2024-06-04 13:05:08,37488.08314510502,12350.33165893678
345168486,2024-06-05 02:58:40,37488.08314510502,12350.33165893678
345268487,2024-06-05 16:52:06,37488.08314510502,12350.33165893678
345368488,2024-06-06 06:45:27,37488.08314510502,12350.33165893678
345468489,2024-06-06 20:38:50,37488.08314510502,12350.33165893678
345568490,2024-06-07 10:33:22,37488.08314510502,12350.33165893678
345668491,2024-06-08 00:27:55,37488.08314510502,12350.33165893678
345768492,2024-06-08 14:21:15,37499.454206197195,12353.38882164894
345868493,2024-06-09 04:14:36,37526.20554451804,12360.350483341952
345968494,2024-06-09 18:07:57,37705.674431458494,12407.054751379548
346068495,2024-06-10 08:01:17,37705.674431458494,12407.054751379548
346168496,2024-06-10 21:54:38,37804.42631147653,12431.871678868363
346268497,2024-06-11 11:47:58,38376.0183563672,12571.52041065335
346368498,2024-06-12 01:41:25,38634.17405421527,12626.463025435522
346468499,2024-06-12 15:34:50,39138.23911823689,12733.741899651926
346568500,2024-06-13 05:28:17,39179.18591375951,12742.828924848496
346668501,2024-06-13 19:21:37,39206.89876229932,12748.97903622439
346768502,2024-06-14 09:15:04,39261.01332148452,12760.675762814111
346868503,2024-06-14 23:08:25,39341.96129173153,12778.172464075822
346968504,2024-06-15 13:01:45,39341.96129173153,12778.172464075822
347068505,2024-06-16 02:55:06,39341.96129173153,12778.172464075822
347168506,2024-06-16 16:48:28,39341.96129173153,12778.172464075822
347268507,2024-06-17 06:41:48,39341.96129173153,12778.172464075822
347368508,2024-06-17 20:35:09,39438.966944690415,12801.092352089943
347468509,2024-06-18 10:28:29,39714.78547976793,12862.131355542697
347568510,2024-06-19 00:21:50,39764.46089378107,12872.560958450053
347668511,2024-06-19 14:15:10,39772.25071074439,12874.196469683577
347768512,2024-06-20 04:08:31,39772.25071074439,12874.196469683577
347868513,2024-06-20 18:01:51,39788.282181626,12877.660309908748
347968514,2024-06-21 07:55:12,39788.282181626,12877.660309908748
348068515,2024-06-21 21:48:39,39898.61942174517,12901.327400331542
348168516,2024-06-22 11:41:59,39969.31313965977,12915.732043379909
348268517,2024-06-23 01:35:20,39987.50501100241,12919.411554358803
348368518,2024-06-23 15:28:40,39987.50501100241,12919.411554358803
348468519,2024-06-24 05:22:01,40139.20498851535,12950.04228411746
348568520,2024-06-24 19:15:21,40206.059042895016,12963.54122133912
348668521,2024-06-25 09:08:42,40235.41538650134,12969.296357877747
348768522,2024-06-25 23:02:03,40282.61699966539,12978.549953361076
348868523,2024-06-26 12:55:23,40556.722019363624,13031.732983988515
348968524,2024-06-27 02:48:44,40599.93420024267,13039.97887356794
349068525,2024-06-27 16:42:04,40602.26049409413,13040.422784563363
349168526,2024-06-28 06:35:25,40602.26049409413,13040.422784563363
349268527,2024-06-28 20:28:46,40791.03971281095,13080.082230479156
349368528,2024-06-29 10:22:06,40979.54455368751,13121.854455582148
349468529,2024-06-30 00:15:27,40979.54455368751,13121.854455582148
349568530,2024-06-30 14:08:54,41143.191352831986,13158.659098875753
349668531,2024-07-01 04:02:14,41144.41336007762,13158.924423179034
349768532,2024-07-01 17:55:35,41208.02676510558,13172.736274482468
349868533,2024-07-02 07:49:40,41208.02676510558,13172.736274482468
349968534,2024-07-02 21:43:00,41249.676251434554,13181.868538807306
350068535,2024-07-03 11:36:21,41568.91347817016,13251.28518580426
350168536,2024-07-04 01:29:42,41642.915166794286,13265.778397643277
350268537,2024-07-04 15:23:02,41726.672370793785,13282.1822246799
350368538,2024-07-05 05:16:23,41779.81883340654,13292.446446504851
350468539,2024-07-05 19:09:43,42226.46228252272,13378.707078219795
350568540,2024-07-06 09:03:04,42250.27882524736,13383.065707283293
350668541,2024-07-06 22:56:24,42250.27882524736,13383.065707283293
350768542,2024-07-07 12:49:45,42250.27882524736,13383.065707283293
350868543,2024-07-08 02:43:06,42251.997387496034,13383.4132970325
350968544,2024-07-08 16:36:26,42251.997387496034,13383.4132970325
351068545,2024-07-09 06:29:47,42251.997387496034,13383.4132970325
351168546,2024-07-09 20:23:07,42251.997387496034,13383.4132970325
351268547,2024-07-10 10:16:28,42257.7960037161,13384.780909787787
351368548,2024-07-11 00:09:48,42257.7960037161,13384.780909787787
351468549,2024-07-11 14:03:09,42257.7960037161,13384.780909787787
351568550,2024-07-12 03:56:29,42270.170013297895,13387.568068908104
351668551,2024-07-12 17:49:50,42371.90761311637,13410.483751762467
351768552,2024-07-13 07:43:10,42380.121649800865,13412.293540509085
351868553,2024-07-13 21:36:36,42396.3663701016,13415.87272004302
351968554,2024-07-14 11:30:01,42456.37160468991,13428.93628402614
352068555,2024-07-15 01:23:22,42465.47891982389,13430.852476585893
352168556,2024-07-15 15:16:42,42465.47891982389,13430.852476585893
352268557,2024-07-16 05:10:03,42465.47891982389,13430.852476585893
352368558,2024-07-16 19:03:23,42465.77087721515,13430.918234748166
352468559,2024-07-17 08:56:44,42487.50228283568,13435.355738382852
352568560,2024-07-17 22:50:04,42487.50228283568,13435.355738382852
352668561,2024-07-18 12:43:25,42487.50228283568,13435.355738382852
352768562,2024-07-19 02:36:45,42487.50228283568,13435.355738382852
352868563,2024-07-19 16:30:06,42487.50228283568,13435.355738382852
352968564,2024-07-20 06:23:30,42487.50228283568,13435.355738382852
353068565,2024-07-20 20:16:51,42487.50228283568,13435.355738382852
353168566,2024-07-21 10:10:17,42487.9482690293,13435.449131532065
353268567,2024-07-22 00:03:44,42487.9482690293,13435.449131532065
353368568,2024-07-22 13:57:04,42487.9482690293,13435.449131532065
353468569,2024-07-23 03:50:25,42489.085798652195,13435.683705656627
353568570,2024-07-23 17:43:47,42552.380523838816,13448.735941353409
353668571,2024-07-24 07:37:08,42552.380523838816,13448.735941353409
353768572,2024-07-24 21:30:31,42629.60984419602,13464.02687070241
353868573,2024-07-25 11:23:52,42629.60984419602,13464.02687070241
353968574,2024-07-26 01:17:12,42629.60984419602,13464.02687070241
354068575,2024-07-26 15:10:37,42630.40463547251,13464.169817599304
354168576,2024-07-27 05:03:58,42646.623527471274,13467.079368747263
354268577,2024-07-27 18:57:18,42646.623527471274,13467.079368747263
354368578,2024-07-28 08:50:51,42657.99155482194,13469.177866311273
354468579,2024-07-28 22:44:12,42663.27730769667,13470.153597560804
354568580,2024-07-29 12:38:02,42671.268624716744,13471.65887802284
354668581,2024-07-30 02:31:23,42699.052927236095,13476.775477498322
354768582,2024-07-30 16:24:43,42720.1628548753,13480.66296197309
354868583,2024-07-31 06:18:04,42759.16952975752,13487.466339039453
354968584,2024-07-31 20:11:35,42766.81119650155,13488.7991658039
355068585,2024-08-01 10:04:56,42772.2086614829,13489.76731569192
355168586,2024-08-01 23:58:16,42775.49381667721,13490.356577992738
355268587,2024-08-02 13:52:21,42787.51841910819,13492.487069026438
355368588,2024-08-03 03:45:42,42787.51841910819,13492.487069026438
355468589,2024-08-03 17:39:03,42787.51841910819,13492.487069026438
355568590,2024-08-04 07:32:23,42801.94339778496,13494.830025632666
355668591,2024-08-04 21:25:44,42813.01442852111,13496.628222023955
355768592,2024-08-05 11:19:04,42817.248743847595,13497.281564209396
355868593,2024-08-06 01:12:26,42817.248743847595,13497.281564209396
355968594,2024-08-06 15:05:46,42817.248743847595,13497.281564209396
356068595,2024-08-07 04:59:20,42817.248743847595,13497.281564209396
356168596,2024-08-07 18:52:40,42817.248743847595,13497.281564209396
356268597,2024-08-08 08:46:01,42817.248743847595,13497.281564209396
356368598,2024-08-08 22:39:21,42854.19921737123,13502.24493701036
356468599,2024-08-09 12:32:54,42857.15922305328,13502.683161629691
356568600,2024-08-10 02:27:57,42860.16032678523,13503.155277159243
356668601,2024-08-10 16:21:39,42875.49527230679,13505.567678253026
356768602,2024-08-11 06:15:42,42875.49527230679,13505.567678253026
356868603,2024-08-11 20:09:03,42921.32374339048,13512.70767056841
356968604,2024-08-12 10:02:23,42921.32374339048,13512.70767056841
357068605,2024-08-12 23:55:44,42981.473870336216,13522.205195139706
357168606,2024-08-13 13:49:04,42981.473870336216,13522.205195139706
357268607,2024-08-14 03:43:37,43031.67049170344,13530.021140248062
357368608,2024-08-14 17:36:58,43031.67049170344,13530.021140248062
357468609,2024-08-15 07:30:18,43031.67049170344,13530.021140248062
357568610,2024-08-15 21:23:40,43031.67049170344,13530.021140248062
357668611,2024-08-16 11:17:03,43031.67049170344,13530.021140248062
357768612,2024-08-17 01:12:27,43035.20136837407,13530.554591053022
357868613,2024-08-17 15:10:06,43035.20136837407,13530.554591053022
357968614,2024-08-18 05:03:26,43035.20136837407,13530.554591053022
358068615,2024-08-18 18:56:47,43035.20136837407,13530.554591053022
358168616,2024-08-19 08:50:07,43145.11227920389,13546.896919880875
358268617,2024-08-19 22:43:35,43145.11227920389,13546.896919880875
358368618,2024-08-20 12:36:56,43145.11227920389,13546.896919880875
358468619,2024-08-21 02:30:16,43191.50877436781,13554.012202833052
358568620,2024-08-21 16:23:37,43191.50877436781,13554.012202833052
358668621,2024-08-22 06:17:00,43191.50877436781,13554.012202833052
358768622,2024-08-22 20:10:28,43295.948807012326,13569.928150534355
358868623,2024-08-23 10:06:24,43295.948807012326,13569.928150534355
358968624,2024-08-24 00:00:07,43343.02236530312,13578.337286431452
359068625,2024-08-24 13:53:34,43343.02236530312,13578.337286431452
359168626,2024-08-25 03:46:55,43343.02236530312,13578.337286431452
359268627,2024-08-25 17:40:15,43343.02236530312,13578.337286431452
359368628,2024-08-26 07:33:36,43343.02236530312,13578.337286431452
359468629,2024-08-26 21:28:40,43343.02236530312,13578.337286431452
359568630,2024-08-27 11:28:28,43343.02236530312,13578.337286431452
359668631,2024-08-28 01:22:30,43395.07542876662,13591.683214847351
359768632,2024-08-28 15:21:02,43395.21562712491,13591.719160421526
359868633,2024-08-29 05:20:10,43395.21562712491,13591.719160421526
359968634,2024-08-29 19:13:39,43395.21562712491,13591.719160421526
360068635,2024-08-30 09:07:12,43395.21562712491,13591.719160421526
360168636,2024-08-30 23:00:32,43395.21562712491,13591.719160421526
360268637,2024-08-31 12:54:17,43395.82313619468,13591.88246645226
360368638,2024-09-01 02:47:38,43395.82313619468,13591.88246645226
360468639,2024-09-01 16:41:41,43395.82313619468,13591.88246645226
360568640,2024-09-02 06:35:18,43395.82313619468,13591.88246645226
360668641,2024-09-02 20:28:41,43432.86278870176,13601.065374011005
360768642,2024-09-03 10:22:03,43432.86278870176,13601.065374011005
360868643,2024-09-04 00:15:30,43441.42547206508,13603.066798736492
360968644,2024-09-04 14:08:50,43445.26212726359,13603.963570957496
361068645,2024-09-05 04:02:11,43445.26212726359,13603.963570957496
361168646,2024-09-05 17:55:31,43445.26212726359,13603.963570957496
361268647,2024-09-06 07:48:52,43445.568553534664,13604.032856158608
361368648,2024-09-06 21:42:15,43475.64644131904,13610.833684615
361468649,2024-09-07 11:35:56,43476.03836028083,13610.915357508766
361568650,2024-09-08 01:29:17,43476.03836028083,13610.915357508766
361668651,2024-09-08 15:22:38,43476.03836028083,13610.915357508766
361768652,2024-09-09 05:15:58,43476.03836028083,13610.915357508766
361868653,2024-09-09 19:09:42,43476.03836028083,13610.915357508766
361968654,2024-09-10 09:03:11,43476.03836028083,13610.915357508766
362068655,2024-09-10 23:02:24,43480.86869701112,13612.023461934426
362168656,2024-09-11 12:55:56,43480.86869701112,13612.023461934426
362268657,2024-09-12 02:49:25,43501.6191346977,13616.55862939162
362368658,2024-09-12 16:42:56,43505.04571462102,13617.30753473966
362468659,2024-09-13 06:36:19,43505.04571462102,13617.30753473966
362568660,2024-09-13 20:29:48,43505.04571462102,13617.30753473966
362668661,2024-09-14 10:23:16,43505.04571462102,13617.30753473966
362768662,2024-09-15 00:16:37,43505.04571462102,13617.30753473966
362868663,2024-09-15 14:09:59,43505.04571462102,13617.30753473966
362968664,2024-09-16 04:03:20,43505.04571462102,13617.30753473966
363068665,2024-09-16 17:56:46,43505.77038267136,13617.469178783842
363168666,2024-09-17 07:50:07,43505.77038267136,13617.469178783842
363268667,2024-09-17 21:43:27,43505.77038267136,13617.469178783842
363368668,2024-09-18 11:36:53,43505.77038267136,13617.469178783842
363468669,2024-09-19 01:30:17,43505.77038267136,13617.469178783842
363568670,2024-09-19 15:23:38,43505.77038267136,13617.469178783842
363668671,2024-09-20 05:17:03,43505.77038267136,13617.469178783842
363768672,2024-09-20 19:11:06,43505.77038267136,13617.469178783842
363868673,2024-09-21 09:04:36,43505.77038267136,13617.469178783842
363968674,2024-09-21 22:58:01,43506.386731767714,13617.631629250363
364068675,2024-09-22 12:51:27,43506.386731767714,13617.631629250363
364168676,2024-09-23 02:44:52,43506.386731767714,13617.631629250363
364268677,2024-09-23 16:38:20,43506.386731767714,13617.631629250363
364368678,2024-09-24 06:31:53,43506.386731767714,13617.631629250363
364468679,2024-09-24 20:25:14,43510.65667349388,13618.79765077857
364568680,2024-09-25 10:18:38,43510.65667349388,13618.79765077857
364668681,2024-09-26 00:12:06,43510.65667349388,13618.79765077857
364768682,2024-09-26 14:05:30,43510.65667349388,13618.79765077857
364868683,2024-09-27 03:58:51,43510.65667349388,13618.79765077857
364968684,2024-09-27 17:52:12,43510.65667349388,13618.79765077857
365068685,2024-09-28 07:45:33,43510.65667349388,13618.79765077857
365168686,2024-09-28 21:38:56,43510.65667349388,13618.79765077857
365268687,2024-09-29 11:32:22,43510.65667349388,13618.79765077857
365368688,2024-09-30 01:25:43,43510.65667349388,13618.79765077857
365468689,2024-09-30 15:19:03,43510.65667349388,13618.79765077857
365568690,2024-10-01 05:12:24,43510.65667349388,13618.79765077857
365668691,2024-10-01 19:05:44,43510.65667349388,13618.79765077857
365768692,2024-10-02 08:59:52,43512.39922288846,13619.302330470156
365868693,2024-10-02 22:53:12,43522.84969754711,13622.329012149348
365968694,2024-10-03 12:46:33,43522.84969754711,13622.329012149348
366068695,2024-10-04 02:40:19,43522.866118097394,13622.333716183795
366168696,2024-10-04 16:33:39,43522.866118097394,13622.333716183795
366268697,2024-10-05 06:27:07,43522.866118097394,13622.333716183795
366368698,2024-10-05 20:20:31,43522.866118097394,13622.333716183795
366468699,2024-10-06 10:13:52,43522.866118097394,13622.333716183795
366568700,2024-10-07 00:07:13,43522.866118097394,13622.333716183795
366668701,2024-10-07 14:00:33,43527.855303845565,13623.836610269169
366768702,2024-10-08 03:53:54,43527.855303845565,13623.836610269169
366868703,2024-10-08 17:47:21,43528.169918112,13623.930637863476
366968704,2024-10-09 07:40:46,43528.169918112,13623.930637863476
367068705,2024-10-09 21:34:07,43528.169918112,13623.930637863476
367168706,2024-10-10 11:27:27,43539.1585528022,13627.142600384565
367268707,2024-10-11 01:26:51,43542.868148022506,13628.226985187044
367368708,2024-10-11 15:20:11,43542.868148022506,13628.226985187044
367468709,2024-10-12 05:13:32,43542.868148022506,13628.226985187044
367568710,2024-10-12 19:06:52,43542.868148022506,13628.226985187044
367668711,2024-10-13 09:00:13,43542.868148022506,13628.226985187044
367768712,2024-10-13 22:53:33,43543.03465347688,13628.28094223769
367868713,2024-10-14 12:52:42,43560.67679386339,13633.887041649556
367968714,2024-10-15 02:46:02,43560.67679386339,13633.887041649556
368068715,2024-10-15 16:39:26,43563.6144769485,13634.854229453782
368168716,2024-10-16 06:32:47,43563.6144769485,13634.854229453782
368268717,2024-10-16 20:26:07,43563.6144769485,13634.854229453782
368368718,2024-10-17 10:19:28,43566.49201889019,13635.80823224009
368468719,2024-10-18 00:12:48,43580.19856461045,13640.29905304662
368568720,2024-10-18 14:06:09,43588.25919839586,13642.94004390282
368668721,2024-10-19 03:59:30,43588.25919839586,13642.94004390282
368768722,2024-10-19 17:52:50,43598.362765198595,13646.178469711447
368868723,2024-10-20 07:46:11,43604.67662577026,13648.191813556745
368968724,2024-10-20 21:39:31,43626.843923837245,13655.260451298012
369068725,2024-10-21 11:32:52,43641.22771594667,13659.814378350404
369168726,2024-10-22 01:26:30,43656.39811351075,13664.366132636878
369268727,2024-10-22 15:20:03,43700.915887325325,13677.723328249502
369368728,2024-10-23 05:13:24,43778.83714405467,13700.602771492502
369468729,2024-10-23 19:12:33,43950.3548087877,13750.964236901897
369568730,2024-10-24 09:05:53,44020.55954457492,13770.443652665985
369668731,2024-10-24 22:59:32,44092.94222700248,13790.527374217185
369768732,2024-10-25 12:53:34,44177.14955250432,13813.806590652104
369868733,2024-10-26 02:47:01,44275.37397415064,13839.217201517278
369968734,2024-10-26 16:40:21,44287.78135524252,13842.426985067004
370068735,2024-10-27 06:33:42,44353.2220954732,13859.561135471058
370168736,2024-10-27 20:27:02,44419.462022555395,13876.90453454294
370268737,2024-10-28 10:20:29,44419.462022555395,13876.90453454294
370368738,2024-10-29 00:13:49,44439.710755297514,13882.227981681635
370468739,2024-10-29 14:08:43,44439.710755297514,13882.227981681635
370568740,2024-10-30 04:02:34,44439.84827794933,13882.264583959008
370668741,2024-10-30 17:56:01,44496.70178613448,13897.396402962027
370768742,2024-10-31 07:49:21,44524.80170258681,13904.70918821081
370868743,2024-10-31 21:42:42,44596.91232865592,13923.47541918852
370968744,2024-11-01 11:41:50,44612.431934986846,13927.304781376011
371068745,2024-11-02 01:35:34,44634.51968949107,13932.741848951197
371168746,2024-11-02 15:29:19,44663.21967170087,13939.806566310826
371268747,2024-11-03 05:22:45,44683.035938785586,13944.44522417091
371368748,2024-11-03 19:16:06,44727.80929498032,13954.925920648562
371468749,2024-11-04 09:09:26,44749.31957240562,13959.679110299228
371568750,2024-11-04 23:02:53,44822.36373267933,13975.81989452948
371668751,2024-11-05 12:56:13,44835.98864814107,13978.766642983472
371768752,2024-11-06 02:49:34,44844.552449416755,13980.689507483728
371868753,2024-11-06 16:42:55,44844.552449416755,13980.689507483728
371968754,2024-11-07 06:36:15,44855.91560604291,13983.275512743698
372068755,2024-11-07 20:29:42,44887.15924904614,13990.385880734311
372168756,2024-11-08 10:24:45,44893.46806436379,13991.78128669038
372268757,2024-11-09 00:18:06,44905.21251998631,13994.391142001385
372368758,2024-11-09 14:11:27,44905.21251998631,13994.391142001385
372468759,2024-11-10 04:04:48,44905.68547908315,13994.49977876573
372568760,2024-11-10 17:58:09,44905.68547908315,13994.49977876573
372668761,2024-11-11 07:51:29,44905.68547908315,13994.49977876573
372768762,2024-11-11 21:44:54,44907.24968898577,13994.875961189891
372868763,2024-11-12 11:38:15,44908.01275144681,13995.079280280086
372968764,2024-11-13 01:31:41,44911.8777487126,13996.12909800739
373068765,2024-11-13 15:25:03,44912.34361101379,13996.255636389862
373168766,2024-11-14 05:18:24,44924.93068699735,13999.532398748312
373268767,2024-11-14 19:11:55,44988.83507544957,14016.168470135632
373368768,2024-11-15 09:05:17,44989.777917344814,14016.412572573438
373468769,2024-11-15 22:58:38,45034.992731951534,14028.118720259514
373568770,2024-11-16 12:51:59,45050.54332359261,14031.919465398523
373668771,2024-11-17 02:45:37,45073.31398379051,14037.28267402302
373768772,2024-11-17 16:38:58,45116.57896827262,14047.472942372577
373868773,2024-11-18 06:32:18,45175.92721055524,14060.447878990808
373968774,2024-11-18 20:25:44,45246.68275678421,14075.916723431685
374068775,2024-11-19 10:19:04,45246.68275678421,14075.916723431685
374168776,2024-11-20 00:12:25,45323.735272639104,14091.82089554621
374268777,2024-11-20 14:06:39,45323.735272639104,14091.82089554621
374368778,2024-11-21 04:00:30,45339.62022172378,14095.085218571376
374468779,2024-11-21 17:54:07,45462.61688441104,14120.3607694018
374568780,2024-11-22 07:47:27,45475.69728212118,14123.02712377793
374668781,2024-11-22 21:40:49,45612.99682872055,14151.014747321831
374768782,2024-11-23 11:34:10,45653.66008032588,14158.69922312905
374868783,2024-11-24 01:27:30,45690.925002195094,14165.943820800629
374968784,2024-11-24 15:20:51,45706.508788341744,14168.973432971252
375068785,2024-11-25 05:17:18,45755.11720511648,14179.00921570424
375168786,2024-11-25 19:10:39,45928.05129352021,14214.713504251424
375268787,2024-11-26 09:05:07,45934.379867920725,14215.887114003976
375368788,2024-11-26 22:58:32,45988.37210046206,14225.899765615935
375468789,2024-11-27 12:51:55,46011.070980083605,14230.559247845396
375568790,2024-11-28 02:45:17,46013.61368205819,14231.06433349599
375668791,2024-11-28 16:39:37,46013.78694923346,14231.098751514626
375768792,2024-11-29 06:33:32,46024.42397740839,14233.216297903078
375868793,2024-11-29 20:26:53,46062.62738747908,14240.821569948175
375968794,2024-11-30 10:20:14,46063.06901468457,14240.91019236454
376068795,2024-12-01 00:13:37,46078.483634954864,14244.020945664344
376168796,2024-12-01 14:07:09,46078.483634954864,14244.020945664344
376268797,2024-12-02 04:01:14,46078.483634954864,14244.020945664344
376368798,2024-12-02 17:54:35,46097.21090342877,14248.149497158643
376468799,2024-12-03 07:47:57,46110.61481083088,14250.988494063651
376568800,2024-12-03 21:41:19,46110.61481083088,14250.988494063651
376668801,2024-12-04 11:36:28,46110.61481083088,14250.988494063651
376768802,2024-12-05 01:29:48,46111.375020004954,14251.178791823424
376868803,2024-12-05 15:24:15,46200.655724336095,14273.52779602423
376968804,2024-12-06 05:17:38,46225.65749157864,14279.807474169616
377068805,2024-12-06 19:11:17,46225.65749157864,14279.807474169616
377168806,2024-12-07 09:04:37,46225.65749157864,14279.807474169616
377268807,2024-12-07 22:57:58,46329.550693638346,14307.10507251718
377368808,2024-12-08 12:51:18,46344.40727554299,14310.919346376812
377468809,2024-12-09 02:44:39,46374.41465365281,14318.685688295122
377568810,2024-12-09 16:38:01,46388.929204667955,14322.442263280172
377668811,2024-12-10 06:31:21,46496.22129420276,14348.200760351094
377768812,2024-12-10 20:24:44,46559.48200351348,14363.38828072235
377868813,2024-12-11 10:18:04,46573.44484390066,14366.70892746654
377968814,2024-12-12 00:11:25,46706.062688038684,14398.265686803556
378068815,2024-12-12 14:04:57,46762.65307607709,14411.731516139898
378168816,2024-12-13 03:58:18,46764.066215644896,14412.085041236513
378268817,2024-12-13 17:51:39,46764.98302876183,14412.31440035512
378368818,2024-12-14 07:44:59,46764.98302876183,14412.31440035512
378468819,2024-12-14 21:38:20,46777.16051763539,14415.8325735877
378568820,2024-12-15 11:31:40,46786.640781814946,14418.71334875466
378668821,2024-12-16 01:25:05,46845.76294390914,14436.916828356643
378768822,2024-12-16 15:18:26,46867.330762995865,14443.557474451063
378868823,2024-12-17 05:11:46,46920.53090807541,14458.734937822785
378968824,2024-12-17 19:05:07,47012.68977716891,14485.026931161412
379068825,2024-12-18 08:58:27,47027.50549965821,14489.44840762454
379168826,2024-12-18 22:51:48,47217.439144605254,14546.130566816964
379268827,2024-12-19 12:45:08,47767.98795856295,14698.570896117342
379368828,2024-12-20 02:38:29,48072.76228588243,14772.08694623228
379468829,2024-12-20 16:31:49,48365.4905343008,14842.697304952631
379568830,2024-12-21 06:25:10,48459.314607013956,14864.864023075332
379668831,2024-12-21 20:18:30,48596.05893729313,14897.171009294558
379768832,2024-12-22 10:11:51,48668.02140963081,14913.574498458447
379868833,2024-12-23 00:05:12,48706.01096795553,14922.22047916358
379968834,2024-12-23 13:58:32,48772.42346930614,14937.335190431057
380068835,2024-12-24 03:51:53,48803.417116725606,14944.706506063249
380168836,2024-12-24 17:45:13,48885.6496928818,14964.264135595897
380268837,2024-12-25 07:38:34,48896.94670208672,14966.912069769767
380368838,2024-12-25 21:31:54,49005.89802276149,14992.4494416591
380468839,2024-12-26 11:25:15,49058.456269875656,15004.628107486558
380568840,2024-12-27 01:18:36,49109.93916249753,15016.334023023366
380668841,2024-12-27 15:11:56,49196.516185382905,15036.019461539188
380768842,2024-12-28 05:05:23,49206.552832567424,15038.293286800812
380868843,2024-12-28 18:58:43,49261.12336522049,15050.65636516809
380968844,2024-12-29 08:52:04,49321.77934367667,15064.434629823878
381068845,2024-12-29 22:51:14,49326.35706095184,15065.474477860987
381168846,2024-12-30 12:44:35,49326.45828477511,15065.4976802745
381268847,2024-12-31 02:37:56,49369.56385133891,15075.367458574188
381368848,2024-12-31 16:31:16,49396.71311600786,15081.58376065864
381468849,2025-01-01 06:24:37,49407.18892662148,15083.962623008736
381568850,2025-01-01 20:18:21,49415.35190977126,15085.816285125751
381668851,2025-01-02 10:12:24,49466.996349713154,15097.647951327252
381768852,2025-01-03 00:05:45,49501.9056950341,15105.702632337385
381868853,2025-01-03 13:59:05,49550.386307206536,15116.888630316864
381968854,2025-01-04 03:52:26,49735.02831189519,15159.47060251426
382068855,2025-01-04 17:45:48,49918.26046441974,15201.727435880131
382168856,2025-01-05 07:40:21,49946.71742458129,15208.399733844655
382268857,2025-01-05 21:33:41,49966.97368873148,15213.149216195929
382314590,2025-01-06 03:54:48,49968.40689609209,15213.484601557018
382314916,2025-01-06 03:57:31,49968.40689609209,15213.484601557018
382316367,2025-01-06 04:09:36,49968.40689609209,15213.484601557018
382316461,2025-01-06 04:10:23,49968.40689609209,15213.484601557018
382316957,2025-01-06 04:14:31,49968.40689609209,15213.484601557018
382318466,2025-01-06 04:27:06,49968.40689609209,15213.484601557018
382318777,2025-01-06 04:29:41,49968.40689609209,15213.484601557018
382318805,2025-01-06 04:29:55,49968.40689609209,15213.484601557018
382319387,2025-01-06 04:34:46,49968.40689609209,15213.484601557018
382320284,2025-01-06 04:42:15,49968.40689609209,15213.484601557018
382420285,2025-01-06 18:35:35,50003.4785364843,15221.80845965389
382520286,2025-01-07 08:29:01,50224.85928109186,15272.135316577725
382620287,2025-01-07 22:22:21,50354.92409074415,15301.703168460235
382655156,2025-01-08 03:12:56,50393.75489001438,15340.533967730467
382655227,2025-01-08 03:13:31,50393.75489001438,15340.533967730467
