311868153,2023-11-25 07:35:53,0.0
311968154,2023-11-25 21:29:21,0.0
312068155,2023-11-26 11:22:41,0.0
312168156,2023-11-27 01:16:03,0.0
312268157,2023-11-27 15:15:35,0.0
312368158,2023-11-28 05:09:08,0.0
312468159,2023-11-28 19:02:29,0.0
312568160,2023-11-29 08:55:55,0.0
312668161,2023-11-29 22:49:17,0.0
312768162,2023-11-30 12:48:33,0.0
312868163,2023-12-01 02:43:46,0.0
312968164,2023-12-01 16:37:57,0.0
313068165,2023-12-02 06:31:51,0.0
313168166,2023-12-02 20:25:34,0.0
313268167,2023-12-03 10:19:09,0.0
313368168,2023-12-04 00:12:32,0.0
313468169,2023-12-04 14:05:57,0.0
313568170,2023-12-05 03:59:17,0.0
313668171,2023-12-05 17:52:38,0.0
313768172,2023-12-06 07:45:59,0.0
313868173,2023-12-06 21:39:22,0.0
313968174,2023-12-07 11:38:37,0.0
314068175,2023-12-08 01:31:58,0.0
314168176,2023-12-08 15:25:18,0.0
314268177,2023-12-09 05:18:39,537.5052004971752
314368178,2023-12-09 19:12:01,1160.9956697690493
314468179,2023-12-10 09:05:22,1351.9598791092067
314568180,2023-12-10 22:58:45,1688.2049896764636
314668181,2023-12-11 12:52:07,1743.995886261025
314768182,2023-12-12 02:45:31,1831.7870231754816
314868183,2023-12-12 16:39:40,1831.848268089689
314968184,2023-12-13 06:33:13,1882.5395597084523
315068185,2023-12-13 20:26:36,1882.5395597084523
315168186,2023-12-14 10:19:59,1882.5395597084523
315268187,2023-12-15 00:13:25,1911.750716667117
315368188,2023-12-15 14:09:28,1994.6126769475359
315468189,2023-12-16 04:02:56,2151.896827224225
315568190,2023-12-16 17:56:16,2152.943471262332
315668191,2023-12-17 07:49:39,2152.943471262332
315768192,2023-12-17 21:43:00,2176.200823903256
315868193,2023-12-18 11:36:26,2186.4609263983243
315968194,2023-12-19 01:29:46,2186.4609263983243
316068195,2023-12-19 15:23:18,2186.4609263983243
316168196,2023-12-20 05:16:50,2192.632259460019
316268197,2023-12-20 19:10:11,2192.6723481370977
316368198,2023-12-21 09:04:35,2192.6723481370977
316468199,2023-12-21 22:58:40,2192.6723481370977
316568200,2023-12-22 12:52:03,2393.3546633351552
316668201,2023-12-23 02:51:25,2545.4308892061463
316768202,2023-12-23 16:45:48,2554.929837384473
316868203,2023-12-24 06:39:09,2556.497575215301
316968204,2023-12-24 20:32:36,2556.546226346678
317068205,2023-12-25 10:26:00,2568.905618247739
317168206,2023-12-26 00:20:14,3419.659766019433
317268207,2023-12-26 14:18:28,4053.710241909392
317368208,2023-12-27 04:11:50,5050.189829370442
317468209,2023-12-27 18:05:11,5571.622769793234
317568210,2023-12-28 07:58:32,6688.773022294083
317668211,2023-12-28 21:52:05,7325.414836016682
317768212,2023-12-29 11:45:28,7479.57756798875
317868213,2023-12-30 01:38:49,7607.88859683097
317968214,2023-12-30 15:32:10,7693.10237365267
318068215,2023-12-31 05:25:30,7693.113766762423
318168216,2023-12-31 19:19:09,7693.113766762423
318268217,2024-01-01 09:12:29,7693.113766762423
318368218,2024-01-01 23:05:51,7693.113766762423
318468219,2024-01-02 12:59:58,7693.136370489186
318568220,2024-01-03 02:53:38,7693.136370489186
318668221,2024-01-03 16:47:28,7727.8250595353
318768222,2024-01-04 06:41:02,7727.8250595353
318868223,2024-01-04 20:34:22,7745.443508167774
318968224,2024-01-05 10:27:43,7745.443508167774
319068225,2024-01-06 00:21:04,7787.422090969717
319168226,2024-01-06 14:14:25,8603.697517160004
319268227,2024-01-07 04:07:47,8697.887639509718
319368228,2024-01-07 18:01:07,8756.142017686581
319468229,2024-01-08 07:54:28,9623.202861375943
319568230,2024-01-08 21:47:52,9627.691532383717
319668231,2024-01-09 11:41:14,9627.73151429178
319768232,2024-01-10 01:34:45,9742.239058195648
319868233,2024-01-10 15:28:10,9745.18722644333
319968234,2024-01-11 05:21:56,9977.103917599477
320068235,2024-01-11 19:15:18,10527.25991500206
320168236,2024-01-12 09:08:38,10834.69355388603
320268237,2024-01-12 23:01:59,11745.329727291297
320368238,2024-01-13 12:55:35,12319.592081741483
320468239,2024-01-14 02:49:03,12361.275718098756
320568240,2024-01-14 16:42:25,12361.297214915321
320668241,2024-01-15 06:35:51,12410.14249879849
320768242,2024-01-15 20:29:19,12444.940561358415
320868243,2024-01-16 10:22:43,12489.786371974453
320968244,2024-01-17 00:16:07,12527.107497070436
321068245,2024-01-17 14:09:31,12620.615119411257
321168246,2024-01-18 04:02:53,12638.649488672216
321268247,2024-01-18 17:56:13,12638.649488672216
321368248,2024-01-19 07:49:35,12651.324210792178
321468249,2024-01-19 21:42:55,12651.334340077705
321568250,2024-01-20 11:36:22,12651.334340077705
321668251,2024-01-21 01:29:43,12651.334340077705
321768252,2024-01-21 15:23:03,12651.334340077705
321868253,2024-01-22 05:16:30,12651.420245159914
321968254,2024-01-22 19:09:54,12663.401092555587
322068255,2024-01-23 09:03:33,12692.151488687634
322168256,2024-01-23 22:57:06,12721.189803826039
322268257,2024-01-24 12:50:48,12721.189803826039
322368258,2024-01-25 02:44:10,12749.055079120564
322468259,2024-01-25 16:38:37,12749.097359054073
322568260,2024-01-26 06:31:57,12749.097359054073
322668261,2024-01-26 20:25:32,12749.097359054073
322768262,2024-01-27 10:18:57,12749.097359054073
322868263,2024-01-28 00:12:19,12749.097359054073
322968264,2024-01-28 14:05:39,12749.097359054073
323068265,2024-01-29 03:59:01,12749.097359054073
323168266,2024-01-29 17:52:23,12749.104572043263
323268267,2024-01-30 07:45:47,12749.104572043263
323368268,2024-01-30 21:39:10,12749.275424343386
323468269,2024-01-31 11:32:38,12821.809060862028
323568270,2024-02-01 01:26:00,12821.809060862028
323668271,2024-02-01 15:19:23,12821.809060862028
323768272,2024-02-02 05:13:25,12821.839674301209
323868273,2024-02-02 19:06:45,12821.839674301209
323968274,2024-02-03 09:00:26,13382.676839211705
324068275,2024-02-03 22:53:46,14118.674493634573
324168276,2024-02-04 12:47:08,14307.624652063647
324268277,2024-02-05 02:40:36,14601.464603825623
324368278,2024-02-05 16:33:59,14744.035829474806
324468279,2024-02-06 06:27:20,14846.125582734257
324568280,2024-02-06 20:20:52,15026.388822132627
324668281,2024-02-07 10:14:19,15176.100803268568
324768282,2024-02-08 00:07:46,15246.020990598194
324868283,2024-02-08 14:01:17,15274.572466171478
324968284,2024-02-09 03:54:37,15360.608090704294
325068285,2024-02-09 17:47:58,15418.520876861869
325168286,2024-02-10 07:41:18,15647.934547702811
325268287,2024-02-10 21:34:57,15647.934547702811
325368288,2024-02-11 11:28:17,15665.089654984467
325468289,2024-02-12 01:24:17,15675.255346775593
325568290,2024-02-12 15:17:39,15675.255346775593
325668291,2024-02-13 05:11:03,15714.429541573825
325768292,2024-02-13 19:04:24,15735.970770290322
325868293,2024-02-14 08:58:21,15753.585488916317
325968294,2024-02-14 22:51:43,15753.585488916317
326068295,2024-02-15 12:45:06,15753.585488916317
326168296,2024-02-16 02:38:27,15753.585488916317
326268297,2024-02-16 16:32:02,15753.60815933489
326368298,2024-02-17 06:25:26,15753.60815933489
326468299,2024-02-17 20:18:49,15753.60815933489
326568300,2024-02-18 10:12:09,15753.728821749004
326668301,2024-02-19 00:05:31,15784.40261316453
326768302,2024-02-19 13:58:52,15825.236967151044
326868303,2024-02-20 03:52:13,16065.220000553223
326968304,2024-02-20 17:45:33,16900.49431590899
327068305,2024-02-21 07:45:12,16900.635560883286
327168306,2024-02-21 21:38:34,16986.361474125755
327268307,2024-02-22 11:31:59,17027.220628684823
327368308,2024-02-23 01:25:21,17091.443782051785
327468309,2024-02-23 15:18:46,17266.206465303516
327568310,2024-02-24 05:12:08,17656.217684909912
327668311,2024-02-24 19:11:20,17656.217684909912
327768312,2024-02-25 09:04:41,17673.924737400404
327868313,2024-02-25 22:58:03,17776.29084151378
327968314,2024-02-26 12:51:33,18015.210158545775
328068315,2024-02-27 02:45:25,18364.323808465462
328168316,2024-02-27 16:38:48,19287.18588385483
328268317,2024-02-28 06:32:37,19287.49505679286
328368318,2024-02-28 20:26:45,19841.080233026172
328468319,2024-02-29 10:20:06,20116.99447481138
328568320,2024-03-01 00:13:28,21163.03572375071
328668321,2024-03-01 14:09:49,21163.03572375071
328768322,2024-03-02 04:05:45,21163.03572375071
328868323,2024-03-02 17:59:20,21174.99956204023
328968324,2024-03-03 07:54:02,21247.021749077292
329068325,2024-03-03 21:47:31,21401.477108539053
329168326,2024-03-04 11:42:13,21675.781543327197
329268327,2024-03-05 01:39:31,22589.027993595526
329368328,2024-03-05 15:33:01,22770.848191465728
329468329,2024-03-06 05:26:27,23854.333793005313
329568330,2024-03-06 19:19:48,23940.760036083804
329668331,2024-03-07 09:13:09,23956.748098076605
329768332,2024-03-07 23:06:35,24072.086927747376
329868333,2024-03-08 13:00:09,24121.150516075595
329968334,2024-03-09 02:53:29,24199.976598952027
330068335,2024-03-09 16:47:26,24276.744930498764
330168336,2024-03-10 06:41:05,24354.402909099626
330268337,2024-03-10 20:34:27,24582.245191446385
330368338,2024-03-11 10:27:52,24756.704049997774
330468339,2024-03-12 00:21:14,25067.981738515347
330568340,2024-03-12 14:14:34,25224.62328710788
330668341,2024-03-13 04:07:55,25613.750081404934
330768342,2024-03-13 18:01:15,26875.382191663717
330868343,2024-03-14 07:54:39,27087.15625692217
330968344,2024-03-14 21:48:10,27899.36904754071
331068345,2024-03-15 11:46:00,29227.296127036883
331168346,2024-03-16 01:40:32,29501.844583025944
331268347,2024-03-16 15:33:56,29805.549492632126
331368348,2024-03-17 05:27:36,30075.779466822525
331468349,2024-03-17 19:20:56,30075.779466822525
331568350,2024-03-18 09:16:24,30126.413147531155
331668351,2024-03-18 23:13:29,30568.82458560108
331768352,2024-03-19 13:07:09,31481.44091615709
331868353,2024-03-20 03:00:59,31481.44091615709
331968354,2024-03-20 16:54:30,31481.44091615709
332068355,2024-03-21 06:47:51,31482.621549273346
332168356,2024-03-21 20:41:13,31503.633046914416
332268357,2024-03-22 10:40:28,31525.263460435384
332368358,2024-03-23 00:33:49,31598.46868646952
332468359,2024-03-23 14:27:10,31611.848424217413
332568360,2024-03-24 04:20:31,31611.848424217413
332668361,2024-03-24 18:13:57,31655.65204326403
332768362,2024-03-25 08:07:26,32128.909109495235
332868363,2024-03-25 22:01:13,32128.909109495235
332968364,2024-03-26 11:54:33,32128.909109495235
333068365,2024-03-27 01:47:54,32164.78651677729
333168366,2024-03-27 15:41:15,32164.78651677729
333268367,2024-03-28 05:34:35,32164.78651677729
333368368,2024-03-28 19:27:56,32164.81132388879
333468369,2024-03-29 09:21:17,32174.165756394865
333568370,2024-03-29 23:14:51,32174.165756394865
333668371,2024-03-30 13:08:53,32174.165756394865
333768372,2024-03-31 03:02:15,32174.17042358722
333868373,2024-03-31 16:55:38,32244.023306450403
333968374,2024-04-01 06:49:00,32281.04017032446
334068375,2024-04-01 20:42:21,32392.652251414096
334168376,2024-04-02 10:36:21,32449.933264336913
334268377,2024-04-03 00:29:43,32538.44471842971
334368378,2024-04-03 14:23:04,32538.44471842971
334468379,2024-04-04 04:16:30,32549.619804369428
334568380,2024-04-04 18:10:23,32549.619804369428
334668381,2024-04-05 08:03:44,32555.584969667478
334768382,2024-04-05 21:57:04,32555.584969667478
334868383,2024-04-06 11:50:25,32555.584969667478
334968384,2024-04-07 01:43:48,32555.584969667478
335068385,2024-04-07 15:37:08,32555.584969667478
335168386,2024-04-08 05:30:29,32555.584969667478
335268387,2024-04-08 19:23:50,32555.584969667478
335368388,2024-04-09 09:17:11,32555.584969667478
335468389,2024-04-09 23:10:50,32555.584969667478
335568390,2024-04-10 13:04:44,32555.584969667478
335668391,2024-04-11 02:58:43,32555.584969667478
335768392,2024-04-11 16:52:06,32555.584969667478
335868393,2024-04-12 06:45:26,32561.286608187926
335968394,2024-04-12 20:38:47,32561.286608187926
336068395,2024-04-13 10:32:08,32561.286608187926
336168396,2024-04-14 00:31:16,32582.81094799295
336268397,2024-04-14 14:24:38,32590.07007558066
336368398,2024-04-15 04:17:58,32590.07007558066
336468399,2024-04-15 18:11:20,32609.88478535858
336568400,2024-04-16 08:04:41,32664.462001076943
336668401,2024-04-16 21:58:18,32664.462001076943
336768402,2024-04-17 11:51:39,32664.462001076943
336868403,2024-04-18 01:45:00,32664.462001076943
336968404,2024-04-18 15:38:23,32664.462001076943
337068405,2024-04-19 05:31:45,32664.462001076943
337168406,2024-04-19 19:25:05,32664.462001076943
337268407,2024-04-20 09:18:26,32664.462001076943
337368408,2024-04-20 23:13:28,32664.465790210186
337468409,2024-04-21 13:06:49,32664.465790210186
337568410,2024-04-22 03:00:14,32664.465790210186
337668411,2024-04-22 16:53:35,32664.465790210186
337768412,2024-04-23 06:46:57,32664.465790210186
337868413,2024-04-23 20:40:17,32664.465790210186
337968414,2024-04-24 10:33:39,32664.465790210186
338068415,2024-04-25 00:27:00,32664.465790210186
338168416,2024-04-25 14:20:20,32664.465790210186
338268417,2024-04-26 04:13:47,32664.465790210186
338368418,2024-04-26 18:07:13,32664.465790210186
338468419,2024-04-27 08:00:34,32664.465790210186
338568420,2024-04-27 21:53:54,32664.465790210186
338668421,2024-04-28 11:47:15,32664.465790210186
338768422,2024-04-29 01:40:35,32664.465790210186
338868423,2024-04-29 15:34:14,32664.465790210186
338968424,2024-04-30 05:27:47,32664.465790210186
339068425,2024-04-30 19:21:13,32664.465790210186
339168426,2024-05-01 09:14:35,32664.465790210186
339268427,2024-05-01 23:07:56,32664.465790210186
339368428,2024-05-02 13:01:56,32664.465790210186
339468429,2024-05-03 02:55:17,32664.465790210186
339568430,2024-05-03 16:59:43,32664.465790210186
339668431,2024-05-04 06:53:04,32664.465790210186
339768432,2024-05-04 20:46:34,32664.465790210186
339868433,2024-05-05 10:39:55,32664.465790210186
339968434,2024-05-06 00:33:17,32673.227048882192
340068435,2024-05-06 14:26:37,32673.227048882192
340168436,2024-05-07 04:19:58,32965.25301895948
340268437,2024-05-07 18:13:18,32965.25301895948
340368438,2024-05-08 08:06:39,32982.35646953744
340468439,2024-05-08 22:00:00,33009.428337291116
340568440,2024-05-09 11:53:44,33009.428337291116
340668441,2024-05-10 01:47:13,33009.5237800687
340768442,2024-05-10 15:41:01,33009.5237800687
340868443,2024-05-11 05:34:21,33016.896474515386
340968444,2024-05-11 19:27:43,33016.896474515386
341068445,2024-05-12 09:21:04,33016.896474515386
341168446,2024-05-12 23:14:25,33016.896474515386
341268447,2024-05-13 13:07:52,36933.67612810058
341368448,2024-05-14 03:01:13,36933.67612810058
341468449,2024-05-14 16:54:33,36933.69409142656
341568450,2024-05-15 06:53:42,36933.69409142656
341668451,2024-05-15 20:47:04,36933.69409142656
341768452,2024-05-16 10:40:38,36933.69409142656
341868453,2024-05-17 00:33:59,36933.69409142656
341968454,2024-05-17 14:27:22,36933.69409142656
342068455,2024-05-18 04:20:42,36933.69409142656
342168456,2024-05-18 18:14:03,36933.69409142656
342268457,2024-05-19 08:07:28,36952.61229208158
342368458,2024-05-19 22:00:56,36952.61229208158
342468459,2024-05-20 11:54:17,36952.61229208158
342568460,2024-05-21 01:47:38,36965.82483853349
342668461,2024-05-21 15:40:59,36965.82483853349
342768462,2024-05-22 05:34:20,36965.82483853349
342868463,2024-05-22 19:27:46,36965.82483853349
342968464,2024-05-23 09:21:06,36965.82483853349
343068465,2024-05-23 23:14:33,36965.82483853349
343168466,2024-05-24 13:08:22,36965.82483853349
343268467,2024-05-25 03:01:42,36965.82483853349
343368468,2024-05-25 16:56:03,36975.67965483618
343468469,2024-05-26 06:49:23,36975.67965483618
343568470,2024-05-26 20:42:46,36975.67965483618
343668471,2024-05-27 10:36:07,36986.07361674087
343768472,2024-05-28 00:29:27,36986.07361674087
343868473,2024-05-28 14:22:49,37078.60536880397
343968474,2024-05-29 04:16:11,37078.60536880397
344068475,2024-05-29 18:09:38,37120.47441029267
344168476,2024-05-30 08:03:12,37180.225629288856
344268477,2024-05-30 21:56:39,37346.97216804819
344368478,2024-05-31 11:49:59,37402.05229560029
344468479,2024-06-01 01:43:20,37437.27191464164
344568480,2024-06-01 15:36:41,37488.072272934674
344668481,2024-06-02 05:30:45,37488.072272934674
344768482,2024-06-02 19:24:06,37488.072272934674
344868483,2024-06-03 09:17:26,37488.08314510502
344968484,2024-06-03 23:11:18,37488.08314510502
345068485,2024-06-04 13:05:08,37488.08314510502
345168486,2024-06-05 02:58:40,37488.08314510502
345268487,2024-06-05 16:52:06,37488.08314510502
345368488,2024-06-06 06:45:27,37488.08314510502
345468489,2024-06-06 20:38:50,37488.08314510502
345568490,2024-06-07 10:33:22,37488.08314510502
345668491,2024-06-08 00:27:55,37488.08314510502
345768492,2024-06-08 14:21:15,37499.454206197195
345868493,2024-06-09 04:14:36,37526.20554451804
345968494,2024-06-09 18:07:57,37705.674431458494
346068495,2024-06-10 08:01:17,37705.674431458494
346168496,2024-06-10 21:54:38,37804.42631147653
346268497,2024-06-11 11:47:58,38376.0183563672
346368498,2024-06-12 01:41:25,38634.17405421527
346468499,2024-06-12 15:34:50,39138.23911823689
346568500,2024-06-13 05:28:17,39179.18591375951
346668501,2024-06-13 19:21:37,39206.89876229932
346768502,2024-06-14 09:15:04,39261.01332148452
346868503,2024-06-14 23:08:25,39341.96129173153
346968504,2024-06-15 13:01:45,39341.96129173153
347068505,2024-06-16 02:55:06,39341.96129173153
347168506,2024-06-16 16:48:28,39341.96129173153
347268507,2024-06-17 06:41:48,39341.96129173153
347368508,2024-06-17 20:35:09,39438.966944690415
347468509,2024-06-18 10:28:29,39714.78547976793
347568510,2024-06-19 00:21:50,39764.46089378107
347668511,2024-06-19 14:15:10,39772.25071074439
347768512,2024-06-20 04:08:31,39772.25071074439
347868513,2024-06-20 18:01:51,39788.282181626004
347968514,2024-06-21 07:55:12,39788.282181626004
348068515,2024-06-21 21:48:39,39898.61942174517
348168516,2024-06-22 11:41:59,39969.31313965977
348268517,2024-06-23 01:35:20,39987.50501100241
348368518,2024-06-23 15:28:40,39987.50501100241
348468519,2024-06-24 05:22:01,40139.20498851535
348568520,2024-06-24 19:15:21,40206.059042895016
348668521,2024-06-25 09:08:42,40235.41538650134
348768522,2024-06-25 23:02:03,40282.61699966539
348868523,2024-06-26 12:55:23,40556.722019363624
348968524,2024-06-27 02:48:44,40599.93420024267
349068525,2024-06-27 16:42:04,40602.26049409413
349168526,2024-06-28 06:35:25,40602.26049409413
349268527,2024-06-28 20:28:46,40791.03971281095
349368528,2024-06-29 10:22:06,40979.54455368751
349468529,2024-06-30 00:15:27,40979.54455368751
349568530,2024-06-30 14:08:54,41143.191352831986
349668531,2024-07-01 04:02:14,41144.41336007762
349768532,2024-07-01 17:55:35,41208.02676510558
349868533,2024-07-02 07:49:40,41208.02676510558
349968534,2024-07-02 21:43:00,41249.676251434554
350068535,2024-07-03 11:36:21,41568.91347817016
350168536,2024-07-04 01:29:42,41642.915166794286
350268537,2024-07-04 15:23:02,41726.672370793785
350368538,2024-07-05 05:16:23,41779.81883340654
350468539,2024-07-05 19:09:43,42226.46228252272
350568540,2024-07-06 09:03:04,42250.27882524736
350668541,2024-07-06 22:56:24,42250.27882524736
350768542,2024-07-07 12:49:45,42250.27882524736
350868543,2024-07-08 02:43:06,42251.997387496034
350968544,2024-07-08 16:36:26,42251.997387496034
351068545,2024-07-09 06:29:47,42251.997387496034
351168546,2024-07-09 20:23:07,42251.997387496034
351268547,2024-07-10 10:16:28,42257.7960037161
351368548,2024-07-11 00:09:48,42257.7960037161
351468549,2024-07-11 14:03:09,42257.7960037161
351568550,2024-07-12 03:56:29,42270.170013297895
351668551,2024-07-12 17:49:50,42371.90761311637
351768552,2024-07-13 07:43:10,42380.121649800865
351868553,2024-07-13 21:36:36,42396.3663701016
351968554,2024-07-14 11:30:01,42456.37160468991
352068555,2024-07-15 01:23:22,42465.47891982389
352168556,2024-07-15 15:16:42,42465.47891982389
352268557,2024-07-16 05:10:03,42465.47891982389
352368558,2024-07-16 19:03:23,42465.77087721515
352468559,2024-07-17 08:56:44,42487.50228283568
352568560,2024-07-17 22:50:04,42487.50228283568
352668561,2024-07-18 12:43:25,42487.50228283568
352768562,2024-07-19 02:36:45,42487.50228283568
352868563,2024-07-19 16:30:06,42487.50228283568
352968564,2024-07-20 06:23:30,42487.50228283568
353068565,2024-07-20 20:16:51,42487.50228283568
353168566,2024-07-21 10:10:17,42487.9482690293
353268567,2024-07-22 00:03:44,42487.9482690293
353368568,2024-07-22 13:57:04,42487.9482690293
353468569,2024-07-23 03:50:25,42489.085798652195
353568570,2024-07-23 17:43:47,42552.380523838816
353668571,2024-07-24 07:37:08,42552.380523838816
353768572,2024-07-24 21:30:31,42629.60984419602
353868573,2024-07-25 11:23:52,42629.60984419602
353968574,2024-07-26 01:17:12,42629.60984419602
354068575,2024-07-26 15:10:37,42630.40463547251
354168576,2024-07-27 05:03:58,42646.623527471274
354268577,2024-07-27 18:57:18,42646.623527471274
354368578,2024-07-28 08:50:51,42657.99155482194
354468579,2024-07-28 22:44:12,42663.27730769667
354568580,2024-07-29 12:38:02,42671.268624716744
354668581,2024-07-30 02:31:23,42699.052927236095
354768582,2024-07-30 16:24:43,42720.1628548753
354868583,2024-07-31 06:18:04,42759.16952975752
354968584,2024-07-31 20:11:35,42766.811196501556
355068585,2024-08-01 10:04:56,42772.2086614829
355168586,2024-08-01 23:58:16,42775.49381667721
355268587,2024-08-02 13:52:21,42787.51841910819
355368588,2024-08-03 03:45:42,42787.51841910819
355468589,2024-08-03 17:39:03,42787.51841910819
355568590,2024-08-04 07:32:23,42801.94339778496
355668591,2024-08-04 21:25:44,42813.01442852111
355768592,2024-08-05 11:19:04,42817.248743847595
355868593,2024-08-06 01:12:26,42817.248743847595
355968594,2024-08-06 15:05:46,42817.248743847595
356068595,2024-08-07 04:59:20,42817.248743847595
356168596,2024-08-07 18:52:40,42817.248743847595
356268597,2024-08-08 08:46:01,42817.248743847595
356368598,2024-08-08 22:39:21,42854.19921737123
356468599,2024-08-09 12:32:54,42857.15922305328
356568600,2024-08-10 02:27:57,42860.16032678523
356668601,2024-08-10 16:21:39,42875.49527230679
356768602,2024-08-11 06:15:42,42875.49527230679
356868603,2024-08-11 20:09:03,42921.32374339048
356968604,2024-08-12 10:02:23,42921.32374339048
357068605,2024-08-12 23:55:44,42981.473870336216
357168606,2024-08-13 13:49:04,42981.473870336216
357268607,2024-08-14 03:43:37,43031.67049170344
357368608,2024-08-14 17:36:58,43031.67049170344
357468609,2024-08-15 07:30:18,43031.67049170344
357568610,2024-08-15 21:23:40,43031.67049170344
357668611,2024-08-16 11:17:03,43031.67049170344
357768612,2024-08-17 01:12:27,43035.20136837407
357868613,2024-08-17 15:10:06,43035.20136837407
357968614,2024-08-18 05:03:26,43035.20136837407
358068615,2024-08-18 18:56:47,43035.20136837407
358168616,2024-08-19 08:50:07,43145.11227920389
358268617,2024-08-19 22:43:35,43145.11227920389
358368618,2024-08-20 12:36:56,43145.11227920389
358468619,2024-08-21 02:30:16,43191.50877436781
358568620,2024-08-21 16:23:37,43191.50877436781
358668621,2024-08-22 06:17:00,43191.50877436781
358768622,2024-08-22 20:10:28,43295.948807012326
358868623,2024-08-23 10:06:24,43295.948807012326
358968624,2024-08-24 00:00:07,43343.02236530312
359068625,2024-08-24 13:53:34,43343.02236530312
359168626,2024-08-25 03:46:55,43343.02236530312
359268627,2024-08-25 17:40:15,43343.02236530312
359368628,2024-08-26 07:33:36,43343.02236530312
359468629,2024-08-26 21:28:40,43343.02236530312
359568630,2024-08-27 11:28:28,43343.02236530312
359668631,2024-08-28 01:22:30,43395.07542876662
359768632,2024-08-28 15:21:02,43395.21562712491
359868633,2024-08-29 05:20:10,43395.21562712491
359968634,2024-08-29 19:13:39,43395.21562712491
360068635,2024-08-30 09:07:12,43395.21562712491
360168636,2024-08-30 23:00:32,43395.21562712491
360268637,2024-08-31 12:54:17,43395.82313619468
360368638,2024-09-01 02:47:38,43395.82313619468
360468639,2024-09-01 16:41:41,43395.82313619468
360568640,2024-09-02 06:35:18,43395.82313619468
360668641,2024-09-02 20:28:41,43432.86278870176
360768642,2024-09-03 10:22:03,43432.86278870176
360868643,2024-09-04 00:15:30,43441.42547206508
360968644,2024-09-04 14:08:50,43445.26212726359
361068645,2024-09-05 04:02:11,43445.26212726359
361168646,2024-09-05 17:55:31,43445.26212726359
361268647,2024-09-06 07:48:52,43445.568553534664
361368648,2024-09-06 21:42:15,43475.64644131904
361468649,2024-09-07 11:35:56,43476.03836028083
361568650,2024-09-08 01:29:17,43476.03836028083
361668651,2024-09-08 15:22:38,43476.03836028083
361768652,2024-09-09 05:15:58,43476.03836028083
361868653,2024-09-09 19:09:42,43476.03836028083
361968654,2024-09-10 09:03:11,43476.03836028083
362068655,2024-09-10 23:02:24,43480.86869701112
362168656,2024-09-11 12:55:56,43480.86869701112
362268657,2024-09-12 02:49:25,43501.6191346977
362368658,2024-09-12 16:42:56,43505.04571462102
362468659,2024-09-13 06:36:19,43505.04571462102
362568660,2024-09-13 20:29:48,43505.04571462102
362668661,2024-09-14 10:23:16,43505.04571462102
362768662,2024-09-15 00:16:37,43505.04571462102
362868663,2024-09-15 14:09:59,43505.04571462102
362968664,2024-09-16 04:03:20,43505.04571462102
363068665,2024-09-16 17:56:46,43505.77038267136
363168666,2024-09-17 07:50:07,43505.77038267136
363268667,2024-09-17 21:43:27,43505.77038267136
363368668,2024-09-18 11:36:53,43505.77038267136
363468669,2024-09-19 01:30:17,43505.77038267136
363568670,2024-09-19 15:23:38,43505.77038267136
363668671,2024-09-20 05:17:03,43505.77038267136
363768672,2024-09-20 19:11:06,43505.77038267136
363868673,2024-09-21 09:04:36,43505.77038267136
363968674,2024-09-21 22:58:01,43506.386731767714
364068675,2024-09-22 12:51:27,43506.386731767714
364168676,2024-09-23 02:44:52,43506.386731767714
364268677,2024-09-23 16:38:20,43506.386731767714
364368678,2024-09-24 06:31:53,43506.386731767714
364468679,2024-09-24 20:25:14,43510.65667349388
364568680,2024-09-25 10:18:38,43510.65667349388
364668681,2024-09-26 00:12:06,43510.65667349388
364768682,2024-09-26 14:05:30,43510.65667349388
364868683,2024-09-27 03:58:51,43510.65667349388
364968684,2024-09-27 17:52:12,43510.65667349388
365068685,2024-09-28 07:45:33,43510.65667349388
365168686,2024-09-28 21:38:56,43510.65667349388
365268687,2024-09-29 11:32:22,43510.65667349388
365368688,2024-09-30 01:25:43,43510.65667349388
365468689,2024-09-30 15:19:03,43510.65667349388
365568690,2024-10-01 05:12:24,43510.65667349388
365668691,2024-10-01 19:05:44,43510.65667349388
365768692,2024-10-02 08:59:52,43512.39922288846
365868693,2024-10-02 22:53:12,43522.84969754711
365968694,2024-10-03 12:46:33,43522.84969754711
366068695,2024-10-04 02:40:19,43522.866118097394
366168696,2024-10-04 16:33:39,43522.866118097394
366268697,2024-10-05 06:27:07,43522.866118097394
366368698,2024-10-05 20:20:31,43522.866118097394
366468699,2024-10-06 10:13:52,43522.866118097394
366568700,2024-10-07 00:07:13,43522.866118097394
366668701,2024-10-07 14:00:33,43527.855303845565
366768702,2024-10-08 03:53:54,43527.855303845565
366868703,2024-10-08 17:47:21,43528.169918112
366968704,2024-10-09 07:40:46,43528.169918112
367068705,2024-10-09 21:34:07,43528.169918112
367168706,2024-10-10 11:27:27,43539.1585528022
367268707,2024-10-11 01:26:51,43542.868148022506
367368708,2024-10-11 15:20:11,43542.868148022506
367468709,2024-10-12 05:13:32,43542.868148022506
367568710,2024-10-12 19:06:52,43542.868148022506
367668711,2024-10-13 09:00:13,43542.868148022506
367768712,2024-10-13 22:53:33,43543.03465347688
367868713,2024-10-14 12:52:42,43560.67679386339
367968714,2024-10-15 02:46:02,43560.67679386339
368068715,2024-10-15 16:39:26,43563.6144769485
368168716,2024-10-16 06:32:47,43563.6144769485
368268717,2024-10-16 20:26:07,43563.6144769485
368368718,2024-10-17 10:19:28,43566.492018890196
368468719,2024-10-18 00:12:48,43580.19856461045
368568720,2024-10-18 14:06:09,43588.25919839586
368668721,2024-10-19 03:59:30,43588.25919839586
368768722,2024-10-19 17:52:50,43598.362765198595
368868723,2024-10-20 07:46:11,43604.67662577026
368968724,2024-10-20 21:39:31,43626.843923837245
369068725,2024-10-21 11:32:52,43641.227715946676
369168726,2024-10-22 01:26:30,43656.39811351075
369268727,2024-10-22 15:20:03,43700.915887325325
369368728,2024-10-23 05:13:24,43778.837144054676
369468729,2024-10-23 19:12:33,43950.3548087877
369568730,2024-10-24 09:05:53,44020.55954457492
369668731,2024-10-24 22:59:32,44092.94222700248
369768732,2024-10-25 12:53:34,44177.14955250432
369868733,2024-10-26 02:47:01,44275.37397415064
369968734,2024-10-26 16:40:21,44287.78135524252
370068735,2024-10-27 06:33:42,44353.2220954732
370168736,2024-10-27 20:27:02,44419.462022555395
370268737,2024-10-28 10:20:29,44419.462022555395
370368738,2024-10-29 00:13:49,44439.710755297514
370468739,2024-10-29 14:08:43,44439.710755297514
370568740,2024-10-30 04:02:34,44439.84827794933
370668741,2024-10-30 17:56:01,44496.70178613448
370768742,2024-10-31 07:49:21,44524.80170258681
370868743,2024-10-31 21:42:42,44596.91232865592
370968744,2024-11-01 11:41:50,44612.431934986846
371068745,2024-11-02 01:35:34,44634.51968949107
371168746,2024-11-02 15:29:19,44663.21967170087
371268747,2024-11-03 05:22:45,44683.035938785586
371368748,2024-11-03 19:16:06,44727.80929498032
371468749,2024-11-04 09:09:26,44749.31957240562
371568750,2024-11-04 23:02:53,44822.36373267933
371668751,2024-11-05 12:56:13,44835.98864814107
371768752,2024-11-06 02:49:34,44844.552449416755
371868753,2024-11-06 16:42:55,44844.552449416755
371968754,2024-11-07 06:36:15,44855.91560604291
372068755,2024-11-07 20:29:42,44887.15924904614
372168756,2024-11-08 10:24:45,44893.46806436379
372268757,2024-11-09 00:18:06,44905.21251998631
372368758,2024-11-09 14:11:27,44905.21251998631
372468759,2024-11-10 04:04:48,44905.68547908315
372568760,2024-11-10 17:58:09,44905.68547908315
372668761,2024-11-11 07:51:29,44905.68547908315
372768762,2024-11-11 21:44:54,44907.24968898577
372868763,2024-11-12 11:38:15,44908.01275144681
372968764,2024-11-13 01:31:41,44911.8777487126
373068765,2024-11-13 15:25:03,44912.34361101379
373168766,2024-11-14 05:18:24,44924.93068699735
373268767,2024-11-14 19:11:55,44988.83507544957
373368768,2024-11-15 09:05:17,44989.777917344814
373468769,2024-11-15 22:58:38,45034.992731951534
373568770,2024-11-16 12:51:59,45050.54332359261
373668771,2024-11-17 02:45:37,45073.31398379051
373768772,2024-11-17 16:38:58,45116.57896827262
373868773,2024-11-18 06:32:18,45175.92721055524
373968774,2024-11-18 20:25:44,45246.68275678421
374068775,2024-11-19 10:19:04,45246.68275678421
374168776,2024-11-20 00:12:25,45323.735272639104
374268777,2024-11-20 14:06:39,45323.735272639104
374368778,2024-11-21 04:00:30,45339.62022172378
374468779,2024-11-21 17:54:07,45462.61688441104
374568780,2024-11-22 07:47:27,45475.69728212118
374668781,2024-11-22 21:40:49,45612.99682872055
374768782,2024-11-23 11:34:10,45653.66008032588
374868783,2024-11-24 01:27:30,45690.925002195094
374968784,2024-11-24 15:20:51,45706.508788341744
375068785,2024-11-25 05:17:18,45755.11720511648
375168786,2024-11-25 19:10:39,45928.05129352021
375268787,2024-11-26 09:05:07,45934.379867920725
375368788,2024-11-26 22:58:32,45988.37210046206
375468789,2024-11-27 12:51:55,46011.070980083605
375568790,2024-11-28 02:45:17,46013.61368205819
375668791,2024-11-28 16:39:37,46013.78694923346
375768792,2024-11-29 06:33:32,46024.42397740839
375868793,2024-11-29 20:26:53,46062.62738747908
375968794,2024-11-30 10:20:14,46063.06901468457
376068795,2024-12-01 00:13:37,46078.483634954864
376168796,2024-12-01 14:07:09,46078.483634954864
376268797,2024-12-02 04:01:14,46078.483634954864
376368798,2024-12-02 17:54:35,46097.21090342877
376468799,2024-12-03 07:47:57,46110.614810830884
376568800,2024-12-03 21:41:19,46110.614810830884
376668801,2024-12-04 11:36:28,46110.614810830884
376768802,2024-12-05 01:29:48,46111.375020004954
376868803,2024-12-05 15:24:15,46200.655724336095
376968804,2024-12-06 05:17:38,46225.65749157864
377068805,2024-12-06 19:11:17,46225.65749157864
377168806,2024-12-07 09:04:37,46225.65749157864
377268807,2024-12-07 22:57:58,46329.550693638346
377368808,2024-12-08 12:51:18,46344.40727554299
377468809,2024-12-09 02:44:39,46374.41465365281
377568810,2024-12-09 16:38:01,46388.929204667955
377668811,2024-12-10 06:31:21,46496.22129420276
377768812,2024-12-10 20:24:44,46559.48200351348
377868813,2024-12-11 10:18:04,46573.44484390066
377968814,2024-12-12 00:11:25,46706.062688038684
378068815,2024-12-12 14:04:57,46762.65307607709
378168816,2024-12-13 03:58:18,46764.066215644896
378268817,2024-12-13 17:51:39,46764.98302876183
378368818,2024-12-14 07:44:59,46764.98302876183
378468819,2024-12-14 21:38:20,46777.16051763539
378568820,2024-12-15 11:31:40,46786.640781814946
378668821,2024-12-16 01:25:05,46845.76294390914
378768822,2024-12-16 15:18:26,46867.330762995865
378868823,2024-12-17 05:11:46,46920.53090807541
378968824,2024-12-17 19:05:07,47012.68977716891
379068825,2024-12-18 08:58:27,47027.50549965821
379168826,2024-12-18 22:51:48,47217.439144605254
379268827,2024-12-19 12:45:08,47767.98795856295
379368828,2024-12-20 02:38:29,48072.76228588243
379468829,2024-12-20 16:31:49,48365.4905343008
379568830,2024-12-21 06:25:10,48459.314607013956
379668831,2024-12-21 20:18:30,48596.05893729313
379768832,2024-12-22 10:11:51,48668.02140963081
379868833,2024-12-23 00:05:12,48706.01096795553
379968834,2024-12-23 13:58:32,48772.42346930614
380068835,2024-12-24 03:51:53,48803.417116725606
380168836,2024-12-24 17:45:13,48885.6496928818
380268837,2024-12-25 07:38:34,48896.94670208672
380368838,2024-12-25 21:31:54,49005.89802276149
380468839,2024-12-26 11:25:15,49058.456269875656
380568840,2024-12-27 01:18:36,49109.93916249753
380668841,2024-12-27 15:11:56,49196.516185382905
380768842,2024-12-28 05:05:23,49206.552832567424
380868843,2024-12-28 18:58:43,49261.12336522049
380968844,2024-12-29 08:52:04,49321.77934367667
381068845,2024-12-29 22:51:14,49326.35706095184
381168846,2024-12-30 12:44:35,49326.45828477511
381268847,2024-12-31 02:37:56,49369.56385133891
381368848,2024-12-31 16:31:16,49396.71311600786
381468849,2025-01-01 06:24:37,49407.18892662148
381568850,2025-01-01 20:18:21,49415.35190977126
381668851,2025-01-02 10:12:24,49466.996349713154
381768852,2025-01-03 00:05:45,49501.9056950341
381868853,2025-01-03 13:59:05,49550.386307206536
381968854,2025-01-04 03:52:26,49735.02831189519
382068855,2025-01-04 17:45:48,49918.26046441974
382168856,2025-01-05 07:40:21,49946.71742458129
382268857,2025-01-05 21:33:41,49966.97368873148
382314590,2025-01-06 03:54:48,49968.40689609209
382314916,2025-01-06 03:57:31,49968.40689609209
382316367,2025-01-06 04:09:36,49968.40689609209
382316461,2025-01-06 04:10:23,49968.40689609209
382316957,2025-01-06 04:14:31,49968.40689609209
382318466,2025-01-06 04:27:06,49968.40689609209
382318777,2025-01-06 04:29:41,49968.40689609209
382318805,2025-01-06 04:29:55,49968.40689609209
382319387,2025-01-06 04:34:46,49968.40689609209
382320284,2025-01-06 04:42:15,49968.40689609209
382420285,2025-01-06 18:35:35,50003.4785364843
382520286,2025-01-07 08:29:01,50224.85928109186
382620287,2025-01-07 22:22:21,50354.92409074415
382655156,2025-01-08 03:12:56,50393.75489001438
382655227,2025-01-08 03:13:31,50393.75489001438
